Name,Cluster,UMAP1,UMAP2,Progressive Carries (PrgC),Goals per 90,Assists per 90,xG per 90,xAG per 90,Goals Against per 90 (GA90),Save Percentage (Save%),Clean Sheets Percentage (CS%),Penalty Kicks Save Percentage,Shots on Target Percentage (SoT%),Shots on Target per 90 (SoT/90),Goals per Shot (G/Sh),Average Shot Distance (Dist),Pass Completion Percentage (Cmp%),Key Passes (KP),Passes into Final Third (1/3),Passes into Penalty Area (PPA),Shot-Creating Actions (SCA),SCA per 90,Goal-Creating Actions (GCA),GCA per 90,Tackles Won (TklW),Challenges (Tkl),Challenges Lost (TklD),Blocked Shots (Sh),Interceptions (Int),Touches in Attacking Third,Take-On Success Percentage (Succ%),Take-On Tackled Percentage (Tkl%),Carries,Progressive Carrying Distance (TotDist),Carries into Final Third (1/3),Carries into Penalty Area (CPA),Passes Received (Rec),Progressive Passes Received (PrgR),Offsides (Off),Crosses (Crs),Ball Recoveries (Recov),Aerials Won Percentage (Won%)
Aaron Cresswell,0,8.343784,6.44502,4,0.0,0.0,0.01,0.15,1.4849999999999999,68.15,17.9,0.0,0.0,0.0,0.0,29.8,81.5,7,43,4,12,1.6,0,0.0,5,9,2,4,8,73,50.0,50.0,228,398,7,0,353,2,0,28,29,53.8
Aaron Ramsdale,0,10.306318,7.906956,0,0.0,0.0,0.0,0.0,2.3,67.1,7.4,28.6,30.0,0.0,0.06,16.4,64.6,0,33,1,3,0.11,0,0.0,0,2,2,0,2,0,45.0,43.8,723,2159,0,0,646,0,0,0,20,100.0
Aaron Wan-Bissaka,1,4.372337,2.3594117,101,0.06,0.09,0.04,0.1,1.4849999999999999,68.15,17.9,0.0,31.3,0.16,0.13,15.1,80.5,30,89,32,85,2.65,8,0.25,45,27,7,9,60,564,52.8,34.3,961,3383,59,13,1174,150,4,70,163,42.3
Abdoulaye Doucouré,1,5.6971536,3.1354268,40,0.11,0.04,0.14,0.09,1.4849999999999999,68.15,17.9,0.0,31.0,0.33,0.1,13.8,79.6,26,44,14,54,2.0,2,0.07,27,39,26,6,9,385,53.5,46.5,571,1339,24,8,705,91,10,23,139,40.3
Abdukodir Khusanov,0,8.238672,7.2393484,1,0.0,0.0,0.0,0.02,1.4849999999999999,68.15,17.9,0.0,0.0,0.0,0.0,23.9,91.1,2,23,0,5,0.89,0,0.0,4,3,1,4,3,31,0.0,100.0,274,435,1,0,332,2,0,1,27,60.0
Abdul Fatawu Issahaku,2,6.1279364,5.499489,42,0.0,0.31,0.06,0.24,1.4849999999999999,68.15,17.9,0.0,38.5,0.78,0.0,31.2,62.4,6,7,7,17,2.64,3,0.47,15,19,8,0,4,157,42.0,40.6,217,1055,24,15,216,60,2,30,38,51.9
Adam Armstrong,2,5.663767,6.5867457,25,0.14,0.14,0.24,0.09,1.4849999999999999,68.15,17.9,0.0,28.0,0.5,0.08,16.6,80.2,9,10,8,19,1.37,4,0.29,3,14,11,1,3,192,42.9,57.1,235,599,13,6,286,79,9,14,23,35.7
Adam Lallana,2,6.654511,5.707575,6,0.0,0.5,0.04,0.23,1.4849999999999999,68.15,17.9,0.0,0.0,0.0,0.0,18.1,85.0,4,21,9,9,2.24,2,0.5,5,12,10,1,5,73,41.7,41.7,178,366,8,0,245,10,0,4,19,50.0
Adam Smith,0,8.445616,5.4611263,12,0.0,0.0,0.04,0.02,1.4849999999999999,68.15,17.9,0.0,0.0,0.0,0.0,16.9,75.7,7,41,8,20,1.28,2,0.13,10,25,13,5,14,162,40.0,40.0,305,585,15,0,333,31,0,30,43,48.0
Adam Webster,0,9.560686,6.2355404,7,0.0,0.0,0.0,0.07,1.4849999999999999,68.15,17.9,0.0,100.0,0.15,0.0,15.3,85.6,3,32,2,10,1.46,3,0.44,5,11,6,9,14,22,33.3,66.7,326,1142,2,0,384,2,1,1,20,81.0
Adam Wharton,1,6.3478804,3.735927,14,0.0,0.14,0.03,0.21,1.4849999999999999,68.15,17.9,0.0,38.5,0.34,0.0,25.4,75.6,26,78,18,59,4.03,6,0.41,14,44,27,2,20,212,20.0,80.0,430,1078,23,2,533,11,0,39,102,30.4
Adama Traoré,4,1.8654135,3.113548,89,0.11,0.34,0.22,0.27,1.4849999999999999,68.15,17.9,0.0,29.7,0.62,0.05,14.3,72.0,38,32,33,76,4.3,9,0.51,12,13,8,0,1,424,50.5,37.6,490,2268,42,33,556,145,1,92,78,48.0
Albert Grønbaek,0,8.245813,7.2588043,1,0.0,0.0,0.07,0.01,1.4849999999999999,68.15,17.9,0.0,0.0,0.0,0.0,22.4,72.2,1,2,0,2,1.26,0,0.0,1,10,7,1,0,15,0.0,100.0,18,15,0,1,21,3,0,1,6,100.0
Alejandro Garnacho,4,1.4711264,2.6490848,139,0.25,0.08,0.3,0.19,1.4849999999999999,68.15,17.9,0.0,34.9,1.22,0.07,17.2,79.1,35,21,24,81,3.4,6,0.25,18,36,24,0,13,662,29.9,60.9,819,3176,72,66,864,281,10,52,108,11.5
Alex Iwobi,4,1.8153509,2.320832,135,0.29,0.19,0.15,0.22,1.4849999999999999,68.15,17.9,0.0,44.4,0.9,0.14,18.2,74.4,56,107,78,115,3.7,16,0.52,23,30,11,1,13,831,49.4,44.8,1218,4098,102,37,1345,224,5,120,126,16.2
Alex McCarthy,0,9.9560995,7.923816,0,0.0,0.0,0.0,0.0,2.6,70.3,0.0,0.0,30.0,0.0,0.06,16.4,75.0,0,5,0,0,0.0,0,0.0,0,0,0,0,0,0,45.0,43.8,100,276,0,0,88,0,0,0,4,100.0
Alex Palmer,0,10.014196,8.012662,0,0.0,0.0,0.0,0.0,2.45,58.7,0.0,0.0,30.0,0.0,0.06,16.4,67.7,1,7,0,2,0.18,0,0.0,0,0,0,0,0,0,45.0,43.8,180,604,0,0,132,0,0,0,15,100.0
Alex Scott,2,6.961611,4.611897,15,0.0,0.0,0.08,0.11,1.4849999999999999,68.15,17.9,0.0,38.5,0.63,0.0,20.0,83.1,11,37,4,28,3.55,2,0.25,13,40,22,4,10,133,23.1,50.0,237,640,9,3,274,33,0,6,50,50.0
Alexander Isak,2,3.498465,6.1357956,81,0.8,0.21,0.69,0.15,1.4849999999999999,68.15,17.9,0.0,42.0,1.29,0.22,14.6,74.5,41,33,26,89,3.11,14,0.49,5,13,8,2,3,558,47.7,50.0,574,1782,41,43,681,200,20,15,55,33.3
Alexis Mac Allister,1,4.05422,1.9654536,34,0.17,0.17,0.1,0.16,1.4849999999999999,68.15,17.9,0.0,34.2,0.45,0.13,18.1,83.5,44,121,34,119,4.16,15,0.52,58,104,49,6,22,630,38.1,50.0,906,1961,42,5,1217,79,2,85,146,35.8
Ali Al Hamadi,0,7.7255745,6.780908,4,0.0,0.0,0.24,0.05,1.4849999999999999,68.15,17.9,0.0,0.0,0.0,0.0,15.7,83.3,2,0,0,8,5.37,0,0.0,0,2,2,0,0,30,57.1,42.9,29,111,3,4,36,14,1,0,4,35.7
Alisson,0,10.696295,7.095387,0,0.0,0.0,0.0,0.02,0.92,71.4,36.0,0.0,30.0,0.0,0.06,16.4,83.6,1,11,0,6,0.24,1,0.04,0,1,1,0,0,0,100.0,0.0,550,1284,0,0,525,0,0,0,42,100.0
Alphonse Areola,0,9.92124,7.6649537,0,0.0,0.0,0.0,0.0,1.69,62.9,17.4,0.0,30.0,0.0,0.06,16.4,69.3,0,10,0,3,0.13,0,0.0,2,3,1,0,0,0,45.0,43.8,553,1201,0,0,510,0,0,0,27,100.0
Altay Bayındır,0,10.053568,8.033517,0,0.0,0.0,0.0,0.0,4.0,33.3,0.0,0.0,30.0,0.0,0.06,16.4,55.5,0,1,0,0,0.0,0,0.0,0,1,1,0,0,0,45.0,43.8,82,145,0,0,77,0,0,0,0,50.0
Amad Diallo,4,1.5548083,2.7447019,93,0.38,0.33,0.23,0.22,1.4849999999999999,68.15,17.9,0.0,32.6,0.77,0.16,18.0,82.9,40,25,30,83,4.56,17,0.93,28,28,11,0,11,523,49.4,45.5,678,2355,48,54,731,163,9,38,99,37.5
Amadou Onana,3,7.907439,3.559919,21,0.2,0.0,0.14,0.02,1.4849999999999999,68.15,17.9,0.0,35.3,0.39,0.18,14.7,88.5,8,56,9,27,1.76,4,0.26,24,26,12,6,24,133,64.7,17.6,468,1293,20,1,579,14,0,1,66,60.0
Andreas Pereira,4,2.778244,3.1512542,27,0.1,0.19,0.17,0.21,1.4849999999999999,68.15,17.9,0.0,22.9,0.38,0.06,22.1,68.9,56,64,19,101,4.84,8,0.38,12,40,30,2,8,511,44.8,27.6,556,1266,35,8,648,78,1,168,97,36.4
Andrew Robertson,1,4.7317224,2.6144516,58,0.0,0.0,0.04,0.16,1.4849999999999999,68.15,17.9,0.0,15.4,0.08,0.0,14.5,83.0,38,144,28,75,2.92,3,0.12,22,47,17,4,20,578,38.9,55.6,1028,2588,48,6,1302,95,2,136,91,33.3
André,1,6.040241,2.2245405,8,0.0,0.0,0.02,0.03,1.4849999999999999,68.15,17.9,0.0,11.1,0.04,0.0,25.3,92.8,15,101,4,45,1.8,3,0.12,48,57,25,8,32,132,48.1,37.0,795,1440,14,0,973,11,0,0,176,25.0
André Onana,0,10.607448,7.736571,0,0.0,0.0,0.0,0.01,1.3,69.0,27.3,25.0,30.0,0.0,0.06,16.4,73.1,1,24,0,4,0.12,0,0.0,1,3,2,0,0,0,45.0,43.8,932,2615,0,0,810,0,0,0,33,100.0
Andrés García,0,8.282966,7.0639224,26,0.0,0.0,0.01,0.05,1.4849999999999999,68.15,17.9,0.0,0.0,0.0,0.0,26.6,86.6,3,9,8,3,0.85,0,0.0,5,8,4,0,2,112,27.8,66.7,159,673,13,2,168,28,0,18,15,0.0
Andy Irving,0,10.195947,6.3690324,0,0.0,0.0,0.06,0.13,1.4849999999999999,68.15,17.9,0.0,50.0,1.08,0.0,26.2,87.9,1,14,1,5,2.68,0,0.0,4,5,4,1,1,24,100.0,0.0,73,137,1,0,104,4,0,2,10,50.0
Anthony Elanga,4,1.5054413,2.5763516,87,0.24,0.36,0.17,0.19,1.4849999999999999,68.15,17.9,0.0,52.5,0.85,0.15,17.3,65.2,44,29,24,89,3.59,14,0.57,13,17,12,1,6,594,30.3,46.1,527,2268,42,42,672,190,15,156,84,41.4
Anthony Gordon,4,1.5998415,2.5226812,111,0.24,0.2,0.32,0.2,1.4849999999999999,68.15,17.9,0.0,28.6,0.64,0.09,16.8,73.3,50,61,52,99,3.99,12,0.48,17,34,22,2,6,638,36.5,46.9,758,3042,56,55,851,197,8,122,92,46.2
Antoine Semenyo,4,1.5854434,2.4437687,133,0.28,0.15,0.29,0.18,1.4849999999999999,68.15,17.9,0.0,31.4,1.14,0.08,17.2,73.2,45,48,44,123,3.77,13,0.4,34,42,26,8,10,824,51.2,41.6,904,3409,65,65,1041,259,14,52,150,45.9
Antonee Robinson,1,4.185578,2.2431612,114,0.0,0.3,0.02,0.12,1.4849999999999999,68.15,17.9,0.0,12.5,0.06,0.0,22.1,76.6,42,113,54,77,2.32,11,0.33,57,89,45,7,57,763,43.6,42.3,1278,4057,60,29,1440,265,6,165,148,64.3
Antony,2,6.337927,7.049005,5,0.0,0.0,0.65,0.08,1.4849999999999999,68.15,17.9,0.0,50.0,1.91,0.0,15.8,81.2,3,1,5,8,5.11,0,0.0,3,5,3,0,2,54,36.4,54.5,60,182,6,1,69,7,0,5,11,0.0
Antonín Kinský,0,9.867189,7.759219,1,0.0,0.0,0.0,0.02,1.75,56.3,25.0,0.0,30.0,0.0,0.06,16.4,80.0,1,2,0,1,0.25,0,0.0,1,1,0,0,0,0,45.0,43.8,97,267,0,0,98,0,0,0,4,100.0
Archie Gray,0,9.56294,6.2842407,6,0.0,0.0,0.0,0.01,1.4849999999999999,68.15,17.9,0.0,100.0,0.06,0.0,24.6,88.2,2,39,0,5,0.3,0,0.0,7,17,10,10,13,88,54.5,36.4,816,1551,5,0,881,15,0,13,59,52.6
Arijanet Muric,0,9.758901,7.62809,0,0.0,0.0,0.0,0.0,1.83,70.0,5.6,0.0,30.0,0.0,0.06,16.4,71.7,0,14,0,1,0.06,0,0.0,0,2,2,0,0,0,45.0,43.8,405,1178,0,0,321,0,0,0,26,91.7
Armando Broja,0,8.3359,6.642452,12,0.0,0.0,0.03,0.05,1.4849999999999999,68.15,17.9,0.0,0.0,0.0,0.0,17.3,72.6,4,3,0,7,1.89,0,0.0,1,0,0,0,1,72,50.0,43.8,64,281,8,3,94,26,3,1,9,46.2
Armel Bella Kotchap,0,8.305091,7.2786007,0,0.0,0.0,0.09,0.0,1.4849999999999999,68.15,17.9,0.0,0.0,0.0,0.0,9.1,90.2,0,6,0,2,0.54,0,0.0,5,6,3,2,5,3,0.0,100.0,186,326,0,0,192,0,0,0,19,54.5
Ashley Young,1,6.42719,3.4489667,20,0.06,0.17,0.01,0.09,1.4849999999999999,68.15,17.9,0.0,50.0,0.17,0.17,24.5,69.9,19,72,18,38,2.11,6,0.33,29,51,19,3,23,280,33.3,46.7,415,1214,24,1,535,27,0,66,61,47.6
Axel Disasi,0,8.477446,6.3176203,10,0.0,0.0,0.02,0.07,1.4849999999999999,68.15,17.9,0.0,0.0,0.0,0.0,19.5,86.8,3,14,3,9,1.65,0,0.0,5,7,4,1,5,29,60.0,40.0,207,621,8,2,223,5,2,1,15,57.1
Axel Disasi,3,8.266343,4.0212474,6,0.25,0.0,0.07,0.02,1.4849999999999999,68.15,17.9,0.0,50.0,0.25,0.5,12.3,90.8,2,20,2,2,0.49,0,0.0,4,11,5,1,2,40,100.0,0.0,196,519,3,0,242,2,0,0,15,71.4
Axel Tuanzebe,0,8.863031,5.4969087,9,0.0,0.06,0.01,0.02,1.4849999999999999,68.15,17.9,0.0,0.0,0.0,0.0,15.7,83.0,4,50,3,11,0.68,2,0.12,17,24,8,9,21,108,40.0,60.0,339,727,6,1,410,8,0,6,43,50.0
Ayden Heaven,0,10.4474,6.424097,1,0.0,0.0,0.0,0.0,1.4849999999999999,68.15,17.9,0.0,30.0,0.0,0.06,16.4,81.6,0,2,0,2,1.89,0,0.0,3,2,0,2,1,3,100.0,0.0,42,122,1,0,40,1,0,0,4,33.3
Bart Verbruggen,0,10.57375,6.7705517,0,0.0,0.03,0.0,0.0,1.67,64.7,18.2,0.0,30.0,0.0,0.06,16.4,76.9,1,18,1,5,0.15,1,0.03,0,3,3,0,0,0,100.0,0.0,879,1673,1,1,836,0,0,0,58,90.9
Ben Brereton,0,8.187608,6.674445,12,0.0,0.0,0.18,0.02,1.4849999999999999,68.15,17.9,0.0,9.1,0.2,0.0,17.3,77.1,3,9,2,9,1.8,0,0.0,2,9,8,1,0,112,25.0,50.0,136,394,13,4,171,42,1,5,16,56.3
Ben Chilwell,2,6.7480183,6.8468986,2,0.0,0.0,0.05,0.13,1.4849999999999999,68.15,17.9,0.0,50.0,0.65,0.0,27.6,65.2,2,4,2,3,1.93,0,0.0,4,3,3,1,4,25,40.0,40.0,39,146,1,0,42,10,2,3,12,50.0
Ben Davies,0,10.371491,5.629042,14,0.0,0.0,0.02,0.02,1.4849999999999999,68.15,17.9,0.0,20.0,0.08,0.0,17.0,88.0,2,43,2,8,0.64,0,0.0,10,14,7,16,12,45,100.0,0.0,588,1701,10,0,699,6,0,4,36,55.3
Ben Godfrey,0,9.671272,7.3479676,2,0.0,0.0,0.0,0.0,1.4849999999999999,68.15,17.9,0.0,30.0,0.0,0.06,16.4,82.5,0,5,1,1,0.57,0,0.0,0,1,0,1,2,9,45.0,43.8,33,79,2,0,42,1,0,0,2,100.0
Ben Johnson,1,6.9498806,3.784633,16,0.07,0.13,0.07,0.09,1.4849999999999999,68.15,17.9,0.0,42.9,0.2,0.14,12.6,71.5,12,21,3,23,1.54,5,0.33,22,41,21,5,13,163,33.3,58.3,259,585,12,3,290,33,1,37,57,51.4
Ben Mee,0,9.235558,7.0531387,3,0.0,0.0,0.0,0.0,1.4849999999999999,68.15,17.9,0.0,30.0,0.0,0.06,16.4,77.5,0,10,0,0,0.0,0,0.0,2,1,0,3,4,11,45.0,43.8,78,274,1,1,86,2,0,0,11,50.0
Ben White,0,8.471591,5.7609525,11,0.0,0.1,0.04,0.08,1.4849999999999999,68.15,17.9,0.0,14.3,0.1,0.0,19.1,83.6,7,39,8,16,1.53,1,0.1,9,28,17,7,15,165,0.0,75.0,292,622,11,3,375,28,1,10,26,75.0
Benoît Badiashile,0,8.345147,7.39284,3,0.0,0.0,0.0,0.0,1.4849999999999999,68.15,17.9,0.0,30.0,0.0,0.06,16.4,89.8,0,37,1,0,0.0,0,0.0,6,5,1,2,6,13,0.0,100.0,177,340,5,0,247,2,0,0,18,80.0
Bernardo Silva,1,4.213931,2.5491507,94,0.11,0.15,0.12,0.16,1.4849999999999999,68.15,17.9,0.0,35.7,0.37,0.11,12.9,87.1,47,75,33,83,3.11,8,0.3,34,52,28,7,20,777,45.8,42.4,1137,3650,60,31,1346,184,3,54,93,33.3
Bernd Leno,0,10.044584,7.356606,0,0.0,0.03,0.0,0.0,1.34,68.3,14.3,0.0,30.0,0.0,0.06,16.4,81.5,2,16,2,5,0.14,2,0.06,2,2,0,0,0,0,45.0,43.8,892,2023,0,0,799,0,0,0,48,100.0
Beto,2,4.547837,6.779263,12,0.5,0.0,0.47,0.06,1.4849999999999999,68.15,17.9,0.0,50.0,1.42,0.18,13.2,57.1,8,5,4,17,1.21,0,0.0,6,8,3,1,3,204,53.1,43.8,221,390,9,9,309,66,14,3,30,45.9
Bilal El Khannouss,1,5.096812,3.4593382,71,0.09,0.13,0.05,0.18,1.4849999999999999,68.15,17.9,0.0,21.4,0.27,0.07,22.3,75.2,36,83,28,66,2.97,5,0.22,26,28,13,4,6,416,56.6,37.7,679,1949,42,12,788,83,1,83,84,48.7
Billy Gilmour,0,8.304498,6.6487584,2,0.0,0.0,0.07,0.0,1.4849999999999999,68.15,17.9,0.0,0.0,0.0,0.0,25.5,86.6,0,12,2,3,2.76,0,0.0,3,4,1,0,0,13,50.0,50.0,44,117,0,0,58,2,0,1,5,50.0
Bobby De Cordova-Reid,2,6.374444,6.4972844,14,0.12,0.24,0.1,0.15,1.4849999999999999,68.15,17.9,0.0,42.9,0.36,0.14,25.1,70.4,6,9,5,13,1.57,3,0.36,4,14,10,1,0,109,0.0,80.0,174,389,5,6,188,48,4,15,29,30.0
Boubacar Kamara,1,7.085223,3.0849082,16,0.0,0.0,0.02,0.05,1.4849999999999999,68.15,17.9,0.0,14.3,0.06,0.0,21.1,89.2,10,82,8,24,1.48,2,0.12,20,54,26,7,17,118,33.3,33.3,517,1121,11,1,673,7,0,1,73,42.5
Boubakary Soumaré,1,7.063494,2.8383324,31,0.0,0.0,0.01,0.02,1.4849999999999999,68.15,17.9,0.0,0.0,0.0,0.0,23.4,86.7,11,90,13,34,1.56,3,0.14,18,30,12,8,24,150,61.4,29.5,788,1881,16,3,929,21,0,8,130,69.0
Brajan Gruda,2,6.239979,5.5663977,16,0.0,0.53,0.07,0.27,1.4849999999999999,68.15,17.9,0.0,50.0,0.35,0.0,16.8,73.5,15,7,10,27,4.77,4,0.71,6,14,7,0,2,144,39.1,43.5,152,491,17,10,170,47,1,18,19,42.9
Brennan Johnson,2,3.555776,6.039134,57,0.48,0.13,0.43,0.1,1.4849999999999999,68.15,17.9,0.0,37.7,0.86,0.21,11.4,71.0,19,25,35,46,1.99,7,0.3,26,31,15,3,4,466,43.2,50.0,527,1410,21,32,609,194,12,52,60,25.9
Bruno Fernandes,1,3.8076172,1.9212166,65,0.26,0.29,0.31,0.25,1.4849999999999999,68.15,17.9,0.0,30.1,0.82,0.06,21.9,75.2,84,176,73,169,5.51,12,0.39,47,75,46,4,25,888,41.5,49.2,1379,3436,60,11,1665,118,2,172,192,42.9
Bruno Guimarães,1,3.8918974,1.9218335,54,0.12,0.18,0.12,0.17,1.4849999999999999,68.15,17.9,0.0,25.6,0.3,0.1,16.3,82.1,47,162,70,121,3.63,17,0.51,43,64,33,9,27,592,45.3,32.0,1298,3108,40,12,1507,81,2,25,167,51.4
Bryan Mbeumo,4,1.6409626,2.2975574,118,0.52,0.17,0.31,0.23,1.4849999999999999,68.15,17.9,0.0,42.3,0.86,0.18,17.7,66.6,66,55,55,134,3.84,18,0.52,29,31,13,3,14,913,46.5,41.4,984,3237,64,68,1109,319,11,182,143,33.0
Bukayo Saka,4,1.5467391,2.949231,82,0.35,0.58,0.37,0.4,1.4849999999999999,68.15,17.9,0.0,34.5,1.17,0.09,15.5,75.2,50,13,32,102,5.97,22,1.29,13,22,11,0,3,639,44.0,41.7,558,2133,28,45,635,233,5,110,65,29.6
Caleb Okoli,3,8.487996,3.996479,3,0.08,0.0,0.05,0.0,1.4849999999999999,68.15,17.9,0.0,50.0,0.16,0.25,13.5,86.4,0,21,1,4,0.32,0,0.0,14,18,7,14,15,35,45.0,43.8,467,1106,6,0,483,2,0,1,44,52.3
Callum Hudson-Odoi,4,1.4964828,2.8233287,127,0.21,0.08,0.1,0.11,1.4849999999999999,68.15,17.9,0.0,45.9,0.71,0.14,18.3,82.2,44,36,31,94,3.93,11,0.46,14,17,6,0,13,595,58.1,29.0,626,3335,61,45,764,186,8,75,91,23.1
Callum Wilson,0,7.611272,7.316306,5,0.0,0.0,0.12,0.02,1.4849999999999999,68.15,17.9,0.0,16.7,0.32,0.0,15.4,70.0,1,1,0,6,1.89,0,0.0,2,2,2,0,1,29,16.7,50.0,38,93,4,5,45,12,3,2,10,12.5
Calvin Bassey,3,9.767673,2.564918,36,0.03,0.0,0.03,0.0,1.4849999999999999,68.15,17.9,0.0,28.6,0.12,0.07,15.3,89.8,3,143,2,23,0.72,3,0.09,33,30,9,17,18,124,45.2,32.3,1487,4539,18,5,1620,15,2,7,156,56.3
Cameron Archer,2,5.7374883,6.876596,19,0.13,0.0,0.33,0.02,1.4849999999999999,68.15,17.9,0.0,33.3,0.59,0.07,13.1,81.1,3,6,7,17,1.12,0,0.0,7,9,7,1,2,145,43.8,53.1,210,499,9,14,256,64,7,3,34,22.2
Cameron Burgess,0,9.214729,5.5037384,2,0.0,0.12,0.04,0.03,1.4849999999999999,68.15,17.9,0.0,11.1,0.06,0.0,9.7,80.9,7,45,4,13,0.81,3,0.19,10,9,2,13,14,47,45.0,43.8,416,990,4,0,539,4,1,0,40,66.2
Caoimhín Kelleher,0,10.761361,7.882207,0,0.0,0.0,0.0,0.0,1.2,67.6,40.0,100.0,30.0,0.0,0.06,16.4,75.7,0,6,0,3,0.3,1,0.1,0,0,0,0,0,0,100.0,0.0,290,616,0,0,275,0,0,0,18,100.0
Carlos Alcaraz,2,6.175518,5.4741874,15,0.16,0.31,0.21,0.23,1.4849999999999999,68.15,17.9,0.0,31.6,0.93,0.05,20.4,79.0,11,15,18,26,4.03,4,0.62,5,9,6,1,4,130,56.3,31.3,180,576,17,2,206,17,1,10,29,66.7
Carlos Baleba,1,5.589094,2.0881732,40,0.11,0.04,0.11,0.05,1.4849999999999999,68.15,17.9,0.0,26.8,0.41,0.07,25.3,87.2,20,103,22,60,2.25,4,0.15,41,72,28,10,40,303,59.6,34.6,886,2588,40,3,944,27,0,8,176,61.3
Carlos Forbs,0,7.9584618,6.3682737,10,0.0,0.0,0.05,0.01,1.4849999999999999,68.15,17.9,0.0,0.0,0.0,0.0,19.1,65.9,1,2,3,5,1.89,1,0.38,5,6,2,0,1,60,58.3,41.7,75,321,3,8,85,28,0,9,11,25.0
Carlos Soler,2,6.916546,4.5264163,16,0.07,0.07,0.11,0.08,1.4849999999999999,68.15,17.9,0.0,29.2,0.46,0.04,19.1,85.1,14,41,11,47,3.12,2,0.13,11,23,16,6,8,189,44.4,50.0,341,714,16,4,506,33,0,31,64,45.0
Casemiro,1,6.262102,2.6949527,4,0.07,0.0,0.11,0.15,1.4849999999999999,68.15,17.9,0.0,28.6,0.54,0.04,18.8,78.5,20,68,20,49,3.31,3,0.2,46,66,25,10,12,217,50.0,50.0,575,823,10,0,697,26,3,19,89,64.6
Charlie Taylor,0,10.454792,6.3668017,3,0.0,0.0,0.0,0.03,1.4849999999999999,68.15,17.9,0.0,30.0,0.0,0.06,16.4,87.0,1,8,2,2,0.68,1,0.34,5,6,1,3,3,36,100.0,0.0,91,155,3,0,133,6,0,9,7,66.7
Cheick Doucouré,0,7.962934,5.7962756,2,0.0,0.0,0.08,0.0,1.4849999999999999,68.15,17.9,0.0,0.0,0.0,0.0,20.6,85.3,1,17,3,9,1.79,3,0.6,8,11,6,0,11,45,40.0,40.0,133,280,7,1,160,7,0,1,31,50.0
Chidozie Obi-Martin,2,7.2280483,7.349456,2,0.0,0.0,0.35,0.0,1.4849999999999999,68.15,17.9,0.0,25.0,0.58,0.0,10.8,82.6,0,1,0,2,1.16,0,0.0,1,2,0,0,0,19,33.3,66.7,22,50,0,1,29,12,0,0,9,20.0
Chiedozie Ogbene,0,8.566451,7.2684307,7,0.0,0.0,0.0,0.03,1.4849999999999999,68.15,17.9,0.0,30.0,0.0,0.06,16.4,74.4,2,0,0,3,1.13,0,0.0,3,4,2,0,1,40,14.3,42.9,41,139,2,2,43,15,1,4,6,14.3
Chris Richards,3,8.96978,4.230214,5,0.05,0.0,0.07,0.01,1.4849999999999999,68.15,17.9,0.0,45.5,0.27,0.09,11.4,80.2,2,22,1,7,0.38,2,0.11,28,38,15,13,15,67,16.7,83.3,453,916,5,0,547,1,1,3,49,50.0
Chris Wood,2,3.7821186,6.4852047,13,0.64,0.1,0.39,0.08,1.4849999999999999,68.15,17.9,0.0,54.5,1.0,0.29,14.1,65.9,19,16,9,40,1.34,5,0.17,4,9,7,7,5,282,33.3,58.3,339,444,10,5,512,87,26,1,44,40.6
Christian Eriksen,1,6.2920566,4.0615406,12,0.0,0.18,0.03,0.25,1.4849999999999999,68.15,17.9,0.0,9.1,0.09,0.0,24.9,79.1,27,53,11,51,4.46,7,0.61,9,26,15,4,7,264,0.0,100.0,450,761,13,1,541,29,0,78,59,25.0
Christian Nørgaard,1,5.823661,2.2409308,12,0.18,0.11,0.14,0.04,1.4849999999999999,68.15,17.9,0.0,34.3,0.42,0.14,14.3,81.3,17,128,24,49,1.73,10,0.35,45,71,27,19,45,312,46.2,38.5,738,1204,12,4,974,37,1,15,179,60.3
Christian Walton,0,9.995034,7.982076,0,0.0,0.0,0.0,0.0,2.67,57.6,16.7,0.0,30.0,0.0,0.06,16.4,67.3,1,1,0,2,0.33,0,0.0,0,1,1,0,0,0,45.0,43.8,122,305,0,0,117,0,0,0,5,100.0
Christopher Nkunku,2,5.1431007,6.0437646,17,0.29,0.2,0.47,0.21,1.4849999999999999,68.15,17.9,0.0,44.0,1.07,0.12,12.6,89.5,14,26,7,34,3.32,4,0.39,8,8,2,2,7,217,37.0,51.9,280,628,16,13,356,68,3,4,29,42.1
Cody Gakpo,4,1.9662002,3.2434394,51,0.47,0.16,0.34,0.18,1.4849999999999999,68.15,17.9,0.0,41.2,1.1,0.18,15.2,75.8,33,22,27,71,3.72,7,0.37,14,23,12,2,11,506,56.9,29.4,540,1974,32,20,606,253,5,68,66,38.5
Cole Palmer,4,1.8315035,2.2121413,110,0.46,0.25,0.52,0.31,1.4849999999999999,68.15,17.9,0.0,35.7,1.26,0.1,20.2,76.9,82,153,61,190,5.86,15,0.46,17,23,14,1,11,817,46.7,38.3,1074,3497,67,39,1248,169,6,134,100,12.5
Conor Bradley,2,7.0600414,5.160748,28,0.0,0.16,0.09,0.07,1.4849999999999999,68.15,17.9,0.0,33.3,0.48,0.0,14.3,84.0,5,20,3,16,2.54,2,0.32,8,17,9,0,3,149,47.4,47.4,297,1091,19,8,335,31,0,6,36,50.0
Conor Chaplin,2,6.6748285,6.4734635,11,0.13,0.13,0.15,0.09,1.4849999999999999,68.15,17.9,0.0,25.0,0.38,0.08,18.3,72.7,8,20,7,21,2.66,1,0.13,5,13,7,1,3,104,57.1,42.9,148,403,7,0,215,20,0,9,25,18.2
Conor Coady,0,9.619275,6.1227,3,0.0,0.0,0.01,0.0,1.4849999999999999,68.15,17.9,0.0,100.0,0.06,0.0,9.2,90.9,1,32,2,5,0.31,0,0.0,8,6,3,20,13,18,50.0,50.0,676,1556,3,1,762,0,1,0,50,40.6
Conor Townsend,0,7.668385,6.2543936,2,0.0,0.27,0.01,0.18,1.4849999999999999,68.15,17.9,0.0,0.0,0.0,0.0,16.7,63.0,4,7,2,5,1.34,1,0.27,8,11,3,6,4,38,45.0,43.8,53,136,2,0,75,13,0,12,8,60.0
Craig Dawson,0,9.2696085,5.5163903,6,0.0,0.0,0.05,0.0,1.4849999999999999,68.15,17.9,0.0,20.0,0.09,0.0,8.5,86.6,2,22,1,7,0.65,2,0.19,3,15,3,11,9,28,20.0,40.0,390,938,1,0,443,5,2,0,35,65.6
Cristian Romero,3,9.428201,3.0766404,12,0.06,0.0,0.1,0.04,1.4849999999999999,68.15,17.9,0.0,50.0,0.51,0.06,9.1,89.5,7,109,8,20,1.27,4,0.25,29,30,9,3,21,74,25.0,50.0,896,2893,18,0,936,3,2,3,90,60.3
Crysencio Summerville,2,5.952977,6.11463,29,0.11,0.11,0.19,0.19,1.4849999999999999,68.15,17.9,0.0,28.6,0.46,0.07,13.4,76.4,17,13,12,35,4.01,1,0.11,7,9,6,4,0,181,33.3,46.2,207,762,15,13,259,71,4,21,38,30.8
Curtis Jones,1,5.620337,3.655161,24,0.18,0.18,0.24,0.06,1.4849999999999999,68.15,17.9,0.0,38.7,0.71,0.1,16.9,93.3,19,70,17,42,2.47,7,0.41,20,25,8,7,6,349,57.9,36.8,702,1598,17,6,867,71,1,6,86,52.0
Daichi Kamada,1,6.3056073,3.6210775,24,0.0,0.0,0.07,0.11,1.4849999999999999,68.15,17.9,0.0,20.0,0.25,0.0,20.3,79.8,19,42,13,49,3.1,3,0.19,27,38,25,5,16,230,40.0,46.7,427,1025,19,5,544,54,2,29,72,18.8
Dan Burn,3,10.042987,2.8813612,9,0.03,0.0,0.05,0.03,1.4849999999999999,68.15,17.9,0.0,25.0,0.15,0.05,9.9,88.9,8,39,7,21,0.62,3,0.09,19,32,15,23,25,109,75.0,25.0,1246,2498,5,1,1470,10,5,3,95,67.3
Dango Ouattara,4,1.8363401,3.0973866,79,0.31,0.18,0.38,0.25,1.4849999999999999,68.15,17.9,0.0,32.3,0.9,0.11,13.5,60.0,35,21,26,72,3.23,6,0.27,26,41,24,10,11,497,47.6,41.5,492,1777,35,38,577,191,14,88,92,41.7
Daniel Muñoz,1,4.5048566,2.4032533,54,0.12,0.12,0.14,0.14,1.4849999999999999,68.15,17.9,0.0,39.4,0.4,0.12,12.3,75.6,41,53,33,78,2.37,9,0.27,74,89,37,4,40,598,38.9,57.4,730,1604,35,15,883,191,13,68,155,43.6
Danilo,0,7.9416337,5.8552785,2,0.0,0.0,0.0,0.0,1.4849999999999999,68.15,17.9,0.0,30.0,0.0,0.06,16.4,78.1,0,13,0,7,2.37,2,0.68,3,4,2,1,3,13,50.0,50.0,49,61,0,0,83,1,0,3,18,50.0
Danny Ings,2,5.519068,5.7352505,6,0.32,0.63,0.72,0.41,1.4849999999999999,68.15,17.9,0.0,35.7,1.58,0.07,15.5,68.5,6,4,1,12,3.8,2,0.63,2,3,2,0,1,73,57.1,28.6,63,118,0,2,96,29,0,3,9,44.4
Danny Ward,0,10.04798,8.10033,0,0.0,0.0,0.0,0.0,4.0,40.0,0.0,0.0,30.0,0.0,0.06,16.4,77.4,0,2,0,0,0.0,0,0.0,0,0,0,0,0,0,0.0,100.0,44,107,0,0,35,0,0,0,1,50.0
Danny Welbeck,2,4.9229803,6.204492,19,0.42,0.19,0.38,0.06,1.4849999999999999,68.15,17.9,0.0,37.7,0.93,0.17,15.2,84.2,19,17,13,44,2.04,6,0.28,14,18,11,2,5,326,33.3,58.3,395,777,20,7,483,83,4,3,40,34.1
Dara O'Shea,3,10.410818,2.81561,3,0.0,0.06,0.04,0.02,1.4849999999999999,68.15,17.9,0.0,10.0,0.06,0.0,13.6,77.7,3,83,3,22,0.69,4,0.13,30,31,11,47,31,118,50.0,50.0,805,1751,2,0,1048,8,3,7,101,56.6
Darwin Núñez,2,4.659974,6.3872743,22,0.43,0.17,0.45,0.11,1.4849999999999999,68.15,17.9,0.0,36.4,1.03,0.15,14.3,70.6,9,9,2,27,2.31,4,0.34,16,16,10,0,3,193,38.1,57.1,184,529,17,12,228,69,11,2,39,36.2
David Brooks,2,5.6501594,6.404407,25,0.22,0.0,0.24,0.18,1.4849999999999999,68.15,17.9,0.0,45.5,1.08,0.09,16.8,74.2,16,15,15,35,3.79,2,0.22,4,14,13,2,5,241,25.8,64.5,278,812,22,8,306,75,0,44,44,41.2
David Raya,0,10.6385145,7.1867614,0,0.0,0.0,0.0,0.0,0.89,74.1,34.3,0.0,30.0,0.0,0.06,16.4,74.6,0,41,2,4,0.11,1,0.03,0,2,2,0,2,0,100.0,0.0,856,2563,0,0,789,0,0,0,38,100.0
Dean Henderson,0,10.728883,7.882198,0,0.0,0.0,0.0,0.0,1.37,67.1,28.6,50.0,0.0,0.0,0.0,14.9,61.4,2,21,1,3,0.09,0,0.0,1,6,4,0,0,1,45.0,43.8,689,1950,0,0,523,0,0,0,25,91.7
Dean Huijsen,3,10.05053,2.6786852,36,0.12,0.04,0.08,0.08,1.4849999999999999,68.15,17.9,0.0,16.7,0.12,0.17,11.9,83.4,14,146,7,40,1.61,3,0.12,23,25,10,28,49,131,40.0,60.0,992,3937,26,0,1117,10,2,12,96,61.0
Declan Rice,1,3.9808216,2.4187396,88,0.1,0.24,0.11,0.22,1.4849999999999999,68.15,17.9,0.0,25.0,0.37,0.07,19.3,83.5,56,126,35,106,3.61,10,0.34,24,37,21,11,25,693,46.4,50.0,977,3274,54,16,1204,92,2,157,143,56.4
Dejan Kulusevski,4,1.8813406,2.361066,120,0.27,0.15,0.16,0.24,1.4849999999999999,68.15,17.9,0.0,37.0,0.65,0.15,14.8,73.6,65,62,52,127,4.82,9,0.34,23,51,32,5,13,717,32.5,60.7,821,3206,67,40,894,210,5,89,119,40.0
Destiny Udogie,1,5.6449504,2.6983125,54,0.0,0.05,0.01,0.07,1.4849999999999999,68.15,17.9,0.0,20.0,0.05,0.0,15.1,87.4,16,88,6,35,1.72,3,0.15,47,47,14,6,21,383,40.6,50.0,735,2290,39,12,796,93,2,19,109,50.0
Diego Carlos,0,10.448123,6.0116725,3,0.0,0.0,0.07,0.0,1.4849999999999999,68.15,17.9,0.0,25.0,0.11,0.0,6.7,88.6,0,23,1,4,0.43,0,0.0,3,6,2,7,5,15,100.0,0.0,419,1162,3,0,481,0,1,0,36,52.4
Diego Gómez,0,7.996916,5.7476435,5,0.0,0.0,0.15,0.1,1.4849999999999999,68.15,17.9,0.0,0.0,0.0,0.0,19.4,78.9,5,12,5,14,2.86,3,0.61,10,18,9,0,7,85,50.0,50.0,163,254,3,0,206,14,1,9,30,66.7
Diogo Dalot,1,4.7670493,2.5414999,62,0.0,0.1,0.06,0.07,1.4849999999999999,68.15,17.9,0.0,21.7,0.16,0.0,15.6,80.5,26,61,25,74,2.39,5,0.16,39,52,18,9,37,557,50.9,41.5,1111,2684,37,16,1186,164,4,65,164,64.4
Diogo Jota,2,4.828508,6.225773,36,0.47,0.23,0.59,0.14,1.4849999999999999,68.15,17.9,0.0,27.1,1.01,0.13,12.3,69.7,11,29,3,35,2.73,9,0.7,8,19,12,0,7,246,34.4,59.4,251,754,21,20,317,86,1,8,40,42.3
Djed Spence,1,6.1605268,2.8857884,56,0.06,0.11,0.03,0.1,1.4849999999999999,68.15,17.9,0.0,30.0,0.17,0.1,23.9,85.5,11,74,18,28,1.57,5,0.28,30,27,7,9,18,288,49.3,40.6,741,2372,41,7,812,70,2,25,101,60.6
Dominic Calvert-Lewin,2,3.8748019,6.498779,22,0.17,0.06,0.35,0.04,1.4849999999999999,68.15,17.9,0.0,36.2,0.96,0.06,12.3,62.8,7,19,5,25,1.42,4,0.23,7,6,4,2,6,257,40.0,52.0,272,444,8,16,407,107,27,6,32,51.2
Dominic Solanke,2,4.760798,6.2668233,29,0.34,0.13,0.43,0.13,1.4849999999999999,68.15,17.9,0.0,40.7,1.02,0.14,12.1,71.0,14,27,9,37,1.57,8,0.34,11,14,10,7,0,284,32.0,62.0,374,803,21,14,448,88,5,4,37,42.7
Dominik Szoboszlai,4,2.4412968,2.8389175,65,0.2,0.2,0.28,0.24,1.4849999999999999,68.15,17.9,0.0,32.3,0.79,0.08,18.5,84.6,51,80,31,108,4.27,14,0.55,20,39,24,4,9,576,54.3,37.1,740,2119,46,17,991,120,4,34,122,45.0
Donyell Malen,2,4.77304,6.9834056,11,0.92,0.0,0.66,0.02,1.4849999999999999,68.15,17.9,0.0,60.0,2.76,0.2,15.2,69.6,2,2,1,5,1.53,0,0.0,4,4,3,0,0,86,30.0,50.0,71,312,6,7,79,25,2,7,8,50.0
Dwight McNeil,4,2.390824,3.225498,35,0.29,0.29,0.08,0.27,1.4849999999999999,68.15,17.9,0.0,40.0,0.71,0.16,21.9,73.7,33,38,33,63,4.49,7,0.5,6,19,11,0,5,339,52.5,45.0,406,1041,30,5,468,74,1,97,71,16.7
Eberechi Eze,4,2.120482,2.895638,67,0.19,0.3,0.34,0.19,1.4849999999999999,68.15,17.9,0.0,25.3,0.89,0.04,21.6,74.5,54,47,35,125,4.64,9,0.33,22,35,18,0,11,564,49.2,44.6,794,2262,45,21,862,143,9,103,133,15.9
Eddie Nketiah,2,5.7799,6.2973347,38,0.1,0.1,0.45,0.16,1.4849999999999999,68.15,17.9,0.0,31.6,1.21,0.03,14.2,74.4,12,11,4,27,2.71,2,0.2,6,12,6,1,2,180,52.6,31.6,217,815,22,13,264,68,4,5,22,36.0
Ederson,0,10.273697,7.3042555,0,0.0,0.18,0.0,0.07,1.1,68.5,34.8,0.0,30.0,0.0,0.06,16.4,88.2,4,20,1,6,0.26,4,0.18,0,2,2,0,1,0,45.0,43.8,590,1732,0,0,560,0,0,0,38,80.0
Edmond-Paris Maghoma,0,7.6812987,5.8979616,4,0.0,0.0,0.09,0.08,1.4849999999999999,68.15,17.9,0.0,0.0,0.0,0.0,23.8,90.5,1,2,0,4,3.03,1,0.76,1,3,2,2,1,27,75.0,25.0,68,221,3,1,75,4,0,3,7,25.0
Edson Álvarez,1,7.04954,3.0191896,21,0.0,0.06,0.02,0.04,1.4849999999999999,68.15,17.9,0.0,9.1,0.06,0.0,26.7,85.7,11,80,11,25,1.38,2,0.11,23,33,18,8,16,174,45.2,38.7,603,1528,20,2,734,18,4,6,78,58.3
Elliot Anderson,1,4.771606,2.163896,46,0.07,0.22,0.07,0.11,1.4849999999999999,68.15,17.9,0.0,18.9,0.26,0.05,19.4,77.6,34,105,19,78,2.85,10,0.36,52,100,57,9,30,496,49.3,39.7,820,2094,31,19,956,87,4,78,197,67.1
Emerson Palmieri,1,6.1984663,3.1695895,47,0.09,0.04,0.08,0.06,1.4849999999999999,68.15,17.9,0.0,43.8,0.3,0.13,19.0,79.9,16,51,13,41,1.75,2,0.09,31,48,21,8,21,359,33.3,56.7,553,1736,25,9,745,83,0,64,84,47.4
Emi Buendía,2,7.3533425,7.417092,3,0.0,0.0,0.6,0.02,1.4849999999999999,68.15,17.9,0.0,0.0,0.0,0.0,19.1,81.7,1,4,1,3,2.76,0,0.0,6,5,5,1,0,31,0.0,100.0,53,119,5,0,64,6,0,0,8,0.0
Emil Krafth,0,8.121852,7.350156,3,0.0,0.0,0.01,0.03,1.4849999999999999,68.15,17.9,0.0,0.0,0.0,0.0,14.6,80.0,1,6,0,3,0.93,0,0.0,2,3,1,4,2,19,0.0,100.0,72,133,3,0,85,1,0,1,17,41.7
Emile Smith Rowe,1,5.448965,3.7739515,50,0.29,0.1,0.21,0.05,1.4849999999999999,68.15,17.9,0.0,28.6,0.48,0.17,15.6,90.1,18,76,15,65,3.1,11,0.52,18,24,16,2,11,449,48.5,45.5,734,1838,38,11,867,115,4,13,69,26.1
Emiliano Martínez,0,10.682984,7.8410916,0,0.0,0.0,0.0,0.02,1.36,66.7,17.6,50.0,30.0,0.0,0.06,16.4,79.1,2,24,0,6,0.18,1,0.03,3,2,0,0,0,0,100.0,0.0,820,2626,0,0,738,0,0,0,29,88.9
Emmanuel Agbadou,0,7.975435,5.1315618,3,0.0,0.0,0.02,0.02,1.4849999999999999,68.15,17.9,0.0,16.7,0.08,0.0,31.8,85.0,4,26,1,15,1.18,2,0.16,18,17,6,12,9,22,70.0,20.0,572,1230,3,0,615,1,1,1,66,57.9
Enes Ünal,2,5.005812,6.894707,4,0.52,0.26,0.72,0.1,1.4849999999999999,68.15,17.9,0.0,35.0,1.83,0.1,14.6,63.6,4,4,4,9,2.35,3,0.78,0,3,3,0,0,95,8.3,83.3,91,95,3,1,133,22,1,4,16,52.2
Enzo Fernández,1,3.856301,1.945339,57,0.2,0.24,0.2,0.22,1.4849999999999999,68.15,17.9,0.0,37.3,0.64,0.12,18.2,80.0,73,156,39,141,4.74,16,0.54,32,83,52,7,13,708,45.7,39.1,1135,2574,53,8,1520,116,1,105,147,33.3
Erling Haaland,2,4.5146194,6.697064,19,0.76,0.11,0.76,0.1,1.4849999999999999,68.15,17.9,0.0,54.5,1.96,0.19,12.2,66.0,26,9,7,62,2.25,9,0.33,5,6,4,1,5,344,34.4,59.4,272,478,14,19,427,103,4,3,29,52.1
Ethan Nwaneri,2,5.1461773,5.999447,44,0.44,0.22,0.12,0.11,1.4849999999999999,68.15,17.9,0.0,36.4,0.88,0.18,18.2,80.2,12,16,13,22,2.41,3,0.33,7,18,11,2,2,298,58.2,30.9,334,1243,23,16,362,102,6,51,33,36.4
Ethan Pinnock,3,9.201447,3.859235,3,0.09,0.0,0.05,0.05,1.4849999999999999,68.15,17.9,0.0,60.0,0.28,0.2,11.1,85.6,8,48,4,21,0.99,0,0.0,19,24,11,18,24,109,33.3,66.7,633,1633,4,0,760,9,0,9,50,59.4
Evan Ferguson,2,6.925637,6.848001,1,0.0,0.0,0.32,0.17,1.4849999999999999,68.15,17.9,0.0,20.0,0.58,0.0,17.2,75.7,2,1,0,4,2.31,0,0.0,1,0,0,1,1,31,60.0,40.0,31,41,1,1,42,7,0,0,8,33.3
Evan Ferguson,2,6.5086064,6.8899612,2,0.37,0.0,0.2,0.15,1.4849999999999999,68.15,17.9,0.0,28.6,0.73,0.14,19.2,74.1,3,1,0,4,1.47,0,0.0,3,5,3,1,0,26,50.0,50.0,42,56,1,2,52,9,0,0,10,30.8
Evanilson,2,3.772894,6.3733964,28,0.44,0.04,0.51,0.07,1.4849999999999999,68.15,17.9,0.0,43.9,1.27,0.15,13.0,70.0,23,14,3,56,2.45,8,0.35,10,12,4,2,0,263,31.6,36.8,300,820,17,14,358,88,17,0,59,40.2
Ezri Konsa,3,9.5774,3.097092,17,0.03,0.0,0.03,0.01,1.4849999999999999,68.15,17.9,0.0,33.3,0.1,0.11,9.1,92.8,5,95,1,23,0.78,3,0.1,17,22,4,10,21,100,44.4,38.9,1021,2561,12,2,1223,11,0,5,89,58.5
Fabian Schär,3,10.036702,2.6482449,14,0.14,0.0,0.08,0.01,1.4849999999999999,68.15,17.9,0.0,32.3,0.34,0.13,21.2,83.8,5,145,10,32,1.08,4,0.14,21,34,20,24,41,133,66.7,16.7,1331,3403,23,2,1474,18,4,10,125,43.0
Fabio Carvalho,2,5.3800225,6.942145,9,0.4,0.2,0.49,0.13,1.4849999999999999,68.15,17.9,0.0,41.7,0.99,0.17,14.7,70.8,4,11,5,10,1.97,1,0.2,9,13,7,1,3,113,14.3,71.4,137,356,3,0,145,23,1,10,30,25.0
Facundo Buonanotte,1,5.7788124,3.3163283,38,0.24,0.12,0.23,0.19,1.4849999999999999,68.15,17.9,0.0,29.4,0.61,0.12,17.8,76.6,24,40,13,50,3.05,4,0.24,32,67,46,6,11,300,32.9,62.0,465,1321,26,8,515,69,3,41,77,32.7
Ferdi Kadioglu,3,7.80936,4.8310046,1,0.23,0.0,0.1,0.04,1.4849999999999999,68.15,17.9,0.0,25.0,0.23,0.25,15.1,82.3,5,10,9,13,3.03,2,0.47,6,15,9,2,8,72,42.9,42.9,124,183,0,0,144,27,1,9,14,75.0
Filip Jørgensen,0,9.293785,7.1222568,0,0.0,0.0,0.0,0.0,1.5,71.4,16.7,0.0,30.0,0.0,0.06,16.4,83.6,0,1,0,1,0.17,0,0.0,0,0,0,0,0,0,45.0,43.8,145,423,0,0,139,0,0,0,5,50.0
Flynn Downes,1,6.7557755,2.9441984,25,0.05,0.0,0.03,0.05,1.4849999999999999,68.15,17.9,0.0,30.0,0.14,0.1,18.7,90.1,15,54,12,30,1.44,2,0.1,24,32,18,6,30,210,33.3,46.7,567,1610,21,4,840,28,0,3,75,51.9
Fraser Forster,0,10.518766,6.5062776,0,0.0,0.0,0.0,0.0,2.14,69.0,14.3,0.0,30.0,0.0,0.06,16.4,84.8,0,1,0,0,0.0,0,0.0,0,1,1,0,0,0,100.0,0.0,113,264,0,0,94,0,0,0,1,100.0
Gabriel Jesus,2,4.9611053,6.3817306,15,0.44,0.0,0.44,0.1,1.4849999999999999,68.15,17.9,0.0,35.0,1.04,0.15,11.1,76.8,8,10,9,18,2.66,4,0.59,6,9,5,1,4,165,40.9,45.5,179,432,6,11,217,57,9,7,28,33.3
Gabriel Magalhães,3,10.057724,2.694736,10,0.11,0.04,0.1,0.03,1.4849999999999999,68.15,17.9,0.0,22.7,0.19,0.14,9.5,90.2,13,145,8,35,1.33,6,0.23,15,16,4,29,16,225,80.0,20.0,1116,2669,22,0,1366,11,0,9,63,58.9
Gabriel Martinelli,4,1.6221417,2.8424883,112,0.31,0.18,0.26,0.21,1.4849999999999999,68.15,17.9,0.0,42.6,0.88,0.15,13.3,71.0,37,11,32,66,2.91,6,0.26,15,23,16,0,4,586,30.2,54.7,597,2355,30,59,678,267,8,83,72,33.3
George Hirst,2,5.09767,6.9796357,9,0.55,0.18,0.28,0.06,1.4849999999999999,68.15,17.9,0.0,50.0,0.91,0.3,11.1,55.8,4,1,4,8,1.45,3,0.54,3,3,2,1,2,87,40.0,40.0,89,199,2,6,138,29,2,3,8,60.0
Georginio Rutter,2,4.965904,5.3807592,42,0.27,0.16,0.25,0.14,1.4849999999999999,68.15,17.9,0.0,24.0,0.65,0.1,15.5,66.8,19,30,16,64,3.47,8,0.43,15,36,22,3,10,326,38.0,47.9,361,1405,36,16,411,79,7,9,66,35.2
Gonçalo Guedes,2,5.8034353,5.6222925,32,0.23,0.46,0.26,0.13,1.4849999999999999,68.15,17.9,0.0,36.8,0.8,0.11,20.0,72.7,11,13,17,23,2.64,8,0.92,4,15,12,0,5,180,25.0,55.0,230,904,21,5,255,60,3,17,34,21.4
Guglielmo Vicario,0,10.666672,6.6304064,0,0.0,0.0,0.0,0.0,1.43,64.9,17.4,0.0,30.0,0.0,0.06,16.4,87.6,0,1,0,4,0.17,0,0.0,0,0,0,0,1,0,100.0,0.0,636,1635,0,0,577,0,0,0,32,100.0
Guido Rodríguez,0,8.00203,5.1388845,2,0.0,0.0,0.02,0.01,1.4849999999999999,68.15,17.9,0.0,12.5,0.09,0.0,27.8,84.1,3,36,1,10,0.88,0,0.0,16,30,16,9,12,56,66.7,0.0,284,392,5,0,354,5,1,4,46,53.3
Hamza Choudhury,0,10.089717,6.42981,4,0.0,0.0,0.0,0.27,1.4849999999999999,68.15,17.9,0.0,30.0,0.0,0.06,16.4,85.7,2,10,1,3,2.05,0,0.0,1,3,2,2,5,20,75.0,25.0,63,130,2,2,71,6,0,5,2,50.0
Harrison Reed,2,6.6498504,7.096796,1,0.0,0.0,0.21,0.07,1.4849999999999999,68.15,17.9,0.0,66.7,1.65,0.0,21.7,70.9,1,1,1,1,0.89,0,0.0,3,3,2,0,1,40,0.0,50.0,31,27,1,0,38,7,0,6,10,33.3
Harry Amass,0,8.257482,6.625763,9,0.0,0.0,0.02,0.01,1.4849999999999999,68.15,17.9,0.0,0.0,0.0,0.0,20.9,82.9,1,4,0,6,2.11,0,0.0,2,6,4,1,2,65,42.9,42.9,102,342,6,2,101,17,1,6,17,50.0
Harry Clarke,0,9.61743,6.5140452,5,0.0,0.0,0.02,0.01,1.4849999999999999,68.15,17.9,0.0,100.0,0.24,0.0,4.5,80.5,1,21,1,1,0.24,0,0.0,3,6,3,4,4,47,50.0,50.0,118,222,7,0,163,2,0,5,17,71.4
Harry Maguire,3,9.546502,3.6083329,6,0.06,0.0,0.08,0.01,1.4849999999999999,68.15,17.9,0.0,41.7,0.29,0.08,7.9,85.9,6,43,3,17,0.99,0,0.0,13,18,5,12,37,65,40.0,60.0,677,1673,7,3,739,7,1,3,57,70.3
Harry Toffolo,0,9.327427,7.3691225,0,0.0,0.0,0.01,0.0,1.4849999999999999,68.15,17.9,0.0,0.0,0.0,0.0,28.5,70.1,0,1,0,0,0.0,0,0.0,3,4,1,2,2,34,45.0,43.8,17,23,0,0,30,4,0,4,2,100.0
Harry Wilson,2,5.115737,6.125946,17,0.45,0.09,0.33,0.1,1.4849999999999999,68.15,17.9,0.0,34.4,0.99,0.16,17.3,73.9,19,25,13,37,3.32,3,0.27,9,15,6,1,5,273,37.5,41.7,299,693,18,8,342,83,1,38,50,18.2
Harry Winks,1,6.923654,3.5264573,19,0.0,0.12,0.01,0.07,1.4849999999999999,68.15,17.9,0.0,40.0,0.23,0.0,29.2,87.1,17,110,7,39,2.28,3,0.18,11,30,17,7,9,151,25.0,66.7,696,1522,13,0,827,11,0,34,106,57.1
Harvey Barnes,4,1.9270453,3.255676,80,0.54,0.24,0.39,0.23,1.4849999999999999,68.15,17.9,0.0,32.7,1.08,0.16,15.0,78.8,23,22,36,57,3.4,9,0.54,9,10,7,1,6,398,37.9,50.0,498,2160,41,44,567,172,5,41,49,26.3
Harvey Elliott,2,6.1806884,5.6258903,8,0.0,0.34,0.28,0.29,1.4849999999999999,68.15,17.9,0.0,15.4,0.67,0.0,18.0,81.5,6,18,4,15,5.06,2,0.67,3,5,4,1,1,122,50.0,50.0,147,301,9,5,193,25,1,10,10,33.3
Hwang Hee-chan,3,8.446582,4.2832203,15,0.28,0.0,0.11,0.02,1.4849999999999999,68.15,17.9,0.0,60.0,0.41,0.4,17.4,81.5,3,7,4,9,1.24,1,0.14,4,6,4,0,2,124,14.3,85.7,151,426,5,7,174,41,0,8,27,25.0
Hákon Rafn Valdimarsson,0,10.4423275,7.486439,0,0.0,0.0,0.0,0.0,1.24,50.0,100.0,0.0,30.0,0.0,0.06,16.4,65.7,0,2,0,2,1.24,0,0.0,0,0,0,0,0,0,45.0,43.8,44,80,0,0,36,0,0,0,1,100.0
Ian Maatsen,2,5.8284936,4.8566127,27,0.09,0.19,0.07,0.25,1.4849999999999999,68.15,17.9,0.0,29.4,0.47,0.06,22.3,81.8,18,20,15,49,4.6,7,0.66,15,22,6,0,15,297,47.8,52.2,429,1037,15,11,486,91,3,48,61,57.1
Ibrahim Sangaré,2,6.8086524,6.5949264,0,0.0,0.24,0.0,0.09,1.4849999999999999,68.15,17.9,0.0,100.0,0.24,0.0,32.0,82.0,4,18,2,6,1.46,0,0.0,11,12,8,3,3,40,0.0,100.0,101,137,2,0,146,3,0,0,29,40.0
Ibrahima Konaté,3,9.72021,2.7999527,21,0.04,0.08,0.07,0.04,1.4849999999999999,68.15,17.9,0.0,16.7,0.12,0.06,10.5,90.3,10,125,8,30,1.16,7,0.27,25,34,10,15,12,110,50.0,25.0,1184,3160,13,0,1454,3,0,0,86,72.0
Idrissa Gana Gueye,1,5.652129,2.056828,26,0.0,0.1,0.03,0.05,1.4849999999999999,68.15,17.9,0.0,18.5,0.16,0.0,25.2,86.5,19,136,10,56,1.8,3,0.1,74,90,36,9,44,321,47.2,47.2,781,1611,27,4,943,24,0,7,180,60.5
Igor,0,10.068267,5.599144,9,0.0,0.0,0.0,0.02,1.4849999999999999,68.15,17.9,0.0,0.0,0.0,0.0,14.1,92.1,1,35,2,11,1.1,0,0.0,4,10,6,14,4,38,75.0,25.0,497,1782,14,0,568,0,0,2,40,57.1
Iliman Ndiaye,1,5.1177583,3.5494385,81,0.28,0.0,0.21,0.06,1.4849999999999999,68.15,17.9,0.0,40.6,0.52,0.16,17.4,80.8,17,35,14,59,2.36,5,0.2,25,45,26,5,17,435,46.0,46.7,575,2221,41,30,612,115,5,38,163,24.0
Illia Zabarnyi,3,9.981026,2.735815,25,0.0,0.0,0.03,0.02,1.4849999999999999,68.15,17.9,0.0,0.0,0.0,0.0,9.8,81.6,11,134,6,28,0.89,0,0.0,32,44,14,20,38,69,62.5,25.0,1158,4451,20,0,1168,4,0,5,143,64.3
Ismaila Sarr,4,1.9491614,3.0089135,69,0.25,0.15,0.33,0.26,1.4849999999999999,68.15,17.9,0.0,50.0,0.91,0.14,13.2,66.2,39,27,39,101,3.66,10,0.36,10,23,16,8,9,475,30.9,52.7,555,1930,42,26,684,169,11,55,103,41.0
Issa Diop,0,9.435595,5.583469,6,0.0,0.0,0.04,0.01,1.4849999999999999,68.15,17.9,0.0,40.0,0.13,0.0,10.7,87.5,3,43,1,6,0.4,0,0.0,12,18,5,7,9,26,50.0,50.0,533,1216,2,0,617,3,0,1,45,62.5
Jack Clarke,2,6.219791,5.073648,32,0.0,0.34,0.08,0.17,1.4849999999999999,68.15,17.9,0.0,14.3,0.17,0.0,19.4,76.4,23,25,6,40,3.41,5,0.43,17,32,16,0,7,187,52.4,33.3,272,1015,18,9,293,47,3,13,67,33.3
Jack Grealish,2,5.6784816,5.373063,69,0.12,0.12,0.14,0.23,1.4849999999999999,68.15,17.9,0.0,33.3,0.62,0.07,16.3,87.6,24,23,16,47,5.87,2,0.25,5,5,3,2,2,324,44.8,31.0,375,1714,23,46,422,118,0,20,26,12.5
Jack Harrison,1,5.0181518,3.5650342,64,0.05,0.0,0.16,0.17,1.4849999999999999,68.15,17.9,0.0,22.2,0.28,0.04,16.3,63.1,32,26,25,53,2.51,4,0.19,21,40,26,2,9,429,31.9,56.9,479,1491,34,14,562,116,4,118,65,13.3
Jack Hinshelwood,1,6.749844,3.3601146,18,0.1,0.1,0.08,0.07,1.4849999999999999,68.15,17.9,0.0,42.9,0.31,0.14,14.3,83.4,15,33,9,33,1.7,3,0.15,18,27,16,3,15,299,18.2,72.7,565,1142,20,2,714,47,0,26,58,55.9
Jack Stephens,3,8.920548,4.172515,13,0.07,0.0,0.04,0.01,1.4849999999999999,68.15,17.9,0.0,50.0,0.15,0.25,11.0,92.0,3,47,5,13,0.97,0,0.0,19,27,12,10,11,95,0.0,100.0,552,1209,12,1,690,2,1,1,41,42.9
Jack Taylor,2,7.608904,5.2313294,11,0.12,0.0,0.08,0.06,1.4849999999999999,68.15,17.9,0.0,23.5,0.47,0.06,23.0,82.3,5,29,8,21,2.46,2,0.23,10,23,11,3,9,89,44.4,33.3,232,755,10,1,303,21,0,6,48,50.0
Jacob Greaves,3,9.907012,3.4827127,7,0.05,0.0,0.06,0.0,1.4849999999999999,68.15,17.9,0.0,50.0,0.19,0.13,8.3,86.2,2,63,1,13,0.6,0,0.0,19,33,12,24,18,75,66.7,33.3,538,969,9,0,739,8,1,1,48,63.1
Jacob Murphy,4,1.7400936,2.9525976,70,0.34,0.46,0.24,0.34,1.4849999999999999,68.15,17.9,0.0,35.7,0.63,0.19,18.2,68.3,38,49,35,73,3.07,14,0.59,15,31,15,0,11,568,48.4,46.9,665,2081,31,25,824,216,3,110,92,21.1
Jacob Ramsey,1,5.4847627,4.2811117,57,0.06,0.18,0.09,0.13,1.4849999999999999,68.15,17.9,0.0,22.2,0.24,0.06,16.7,85.4,20,31,21,51,3.03,8,0.47,15,20,10,3,7,344,57.1,23.8,474,1631,31,19,552,105,5,10,77,37.5
Jaden Philogene Bidace,0,7.8414674,7.17227,7,0.0,0.0,0.13,0.08,1.4849999999999999,68.15,17.9,0.0,0.0,0.0,0.0,16.0,73.3,1,1,3,5,1.36,0,0.0,5,6,2,0,3,66,26.7,53.3,75,239,5,7,83,17,1,4,21,0.0
Jaden Philogene Bidace,2,5.563991,7.1206145,13,0.38,0.0,0.37,0.05,1.4849999999999999,68.15,17.9,0.0,41.7,0.95,0.17,16.4,72.5,5,7,4,9,1.71,0,0.0,7,15,7,1,10,101,27.8,61.1,127,305,3,5,133,36,1,13,23,62.5
Jadon Sancho,4,1.5054247,2.8930557,98,0.16,0.21,0.12,0.19,1.4849999999999999,68.15,17.9,0.0,33.3,0.43,0.13,15.1,82.5,36,26,47,67,3.57,10,0.53,6,12,7,0,2,552,47.4,40.0,626,2374,33,56,726,218,6,23,97,33.3
Jahmai Simpson-Pusey,0,8.96701,7.2076926,1,0.0,0.0,0.0,0.0,1.4849999999999999,68.15,17.9,0.0,30.0,0.0,0.06,16.4,93.0,0,3,0,0,0.0,0,0.0,0,1,1,1,0,3,0.0,0.0,79,190,0,0,101,0,0,0,3,25.0
Jake O'Brien,3,8.392982,4.0130854,7,0.13,0.0,0.05,0.04,1.4849999999999999,68.15,17.9,0.0,60.0,0.19,0.4,11.5,78.3,6,41,8,16,1.04,0,0.0,16,24,8,4,4,135,40.0,50.0,356,743,6,2,428,24,3,18,51,55.0
Jakub Kiwior,3,8.260518,4.023784,5,0.11,0.0,0.02,0.03,1.4849999999999999,68.15,17.9,0.0,33.3,0.11,0.33,18.5,90.9,3,47,3,6,0.63,0,0.0,7,11,3,5,3,53,75.0,25.0,376,848,5,1,500,0,1,1,19,53.3
Jakub Stolarczyk,0,9.885708,7.8356752,0,0.0,0.0,0.0,0.0,1.71,61.3,14.3,0.0,30.0,0.0,0.06,16.4,68.3,0,2,0,0,0.0,0,0.0,1,2,1,0,0,0,45.0,43.8,157,430,0,0,158,0,0,0,8,100.0
James Bree,0,7.95475,5.3018413,10,0.0,0.1,0.01,0.09,1.4849999999999999,68.15,17.9,0.0,25.0,0.1,0.0,22.7,83.8,10,26,6,15,1.51,1,0.1,10,17,10,3,8,150,50.0,25.0,319,713,11,0,389,34,0,24,56,70.6
James Garner,1,6.5644336,3.6718075,12,0.0,0.07,0.02,0.09,1.4849999999999999,68.15,17.9,0.0,28.6,0.14,0.0,24.1,75.0,12,50,6,33,2.24,5,0.34,27,35,16,3,17,213,37.5,62.5,399,684,15,1,451,22,0,52,64,55.6
James Hill,0,7.9703937,6.300645,3,0.0,0.2,0.06,0.05,1.4849999999999999,68.15,17.9,0.0,0.0,0.0,0.0,13.9,64.9,3,20,6,8,1.61,1,0.2,8,11,8,0,9,54,50.0,50.0,146,295,6,0,179,8,0,10,13,53.8
James Justin,1,6.2319164,2.9039316,39,0.07,0.03,0.05,0.02,1.4849999999999999,68.15,17.9,0.0,25.0,0.2,0.08,16.0,77.8,13,74,21,31,1.05,1,0.03,29,51,23,14,44,365,30.0,43.3,797,1672,25,4,989,92,2,53,79,56.0
James Maddison,4,2.2893503,2.925398,45,0.45,0.35,0.29,0.21,1.4849999999999999,68.15,17.9,0.0,43.6,0.85,0.23,16.7,81.3,41,123,32,95,4.73,18,0.9,19,29,20,4,12,576,42.9,44.2,1026,2279,39,20,1125,95,4,98,76,41.7
James Mcatee,2,4.790853,7.1042943,7,0.89,0.0,0.83,0.1,1.4849999999999999,68.15,17.9,0.0,33.3,1.18,0.25,14.3,78.9,2,7,2,3,0.89,1,0.3,2,7,6,0,2,75,28.6,71.4,83,189,5,1,108,26,0,5,8,40.0
James Milner,0,7.89695,6.236713,1,0.0,0.0,0.09,0.12,1.4849999999999999,68.15,17.9,0.0,0.0,0.0,0.0,16.0,75.3,4,3,1,8,4.26,0,0.0,2,3,0,2,2,31,100.0,0.0,46,97,1,0,58,10,0,8,2,0.0
James Tarkowski,3,10.455983,2.8724103,9,0.03,0.03,0.04,0.09,1.4849999999999999,68.15,17.9,0.0,26.7,0.12,0.07,8.4,81.0,16,83,11,38,1.17,4,0.12,40,39,15,42,41,106,71.4,28.6,727,1943,10,0,927,3,2,1,98,75.6
James Ward-Prowse,2,7.207668,4.9273567,9,0.0,0.11,0.07,0.14,1.4849999999999999,68.15,17.9,0.0,22.2,0.22,0.0,21.9,87.6,15,62,4,26,2.88,1,0.11,10,13,9,3,5,122,40.0,60.0,321,674,13,0,459,4,0,39,43,60.0
James Ward-Prowse,2,6.9872212,5.745716,1,0.0,0.23,0.01,0.25,1.4849999999999999,68.15,17.9,0.0,50.0,0.23,0.0,29.0,79.7,4,16,2,10,2.25,2,0.45,1,2,0,2,5,45,45.0,43.8,92,170,3,0,115,3,0,19,19,37.5
Jamie Vardy,2,3.7144802,6.3947477,27,0.27,0.1,0.36,0.1,1.4849999999999999,68.15,17.9,0.0,42.3,0.75,0.13,12.4,66.8,18,10,9,44,1.49,9,0.3,13,13,9,4,5,248,42.9,47.6,264,645,11,14,356,110,25,11,35,49.0
Jan Bednarek,3,10.226836,3.0083194,5,0.07,0.0,0.02,0.02,1.4849999999999999,68.15,17.9,0.0,40.0,0.07,0.4,16.0,92.7,5,72,1,16,0.59,0,0.0,18,30,15,33,54,41,100.0,0.0,1035,1731,5,1,1294,2,0,1,106,65.4
Jan Paul van Hecke,3,9.791913,2.4811132,53,0.03,0.03,0.04,0.05,1.4849999999999999,68.15,17.9,0.0,31.3,0.17,0.06,14.1,87.9,13,207,16,48,1.61,3,0.1,26,38,18,19,23,154,45.5,36.4,1572,6740,42,0,1665,5,0,11,120,61.9
Jannik Vestergaard,0,10.371632,5.7078276,3,0.0,0.0,0.01,0.01,1.4849999999999999,68.15,17.9,0.0,66.7,0.13,0.0,9.7,90.7,3,34,1,7,0.45,0,0.0,10,15,6,14,16,28,100.0,0.0,672,1458,3,0,757,2,0,0,46,57.8
Jarell Quansah,0,9.05342,6.122776,2,0.0,0.0,0.02,0.02,1.4849999999999999,68.15,17.9,0.0,0.0,0.0,0.0,8.9,91.0,1,21,1,2,0.44,0,0.0,8,8,2,7,6,26,50.0,50.0,220,592,3,1,266,4,0,2,16,37.5
Jarrad Branthwaite,3,9.991838,3.2847912,9,0.0,0.04,0.04,0.03,1.4849999999999999,68.15,17.9,0.0,37.5,0.11,0.0,8.2,82.2,3,80,2,13,0.5,2,0.08,20,27,7,22,23,63,60.0,20.0,694,2253,13,2,826,2,1,5,84,58.2
Jarrod Bowen,4,1.7014935,2.6281605,98,0.33,0.23,0.26,0.21,1.4849999999999999,68.15,17.9,0.0,41.0,1.06,0.12,17.4,71.4,49,37,43,104,3.44,13,0.43,24,37,20,3,16,607,34.5,56.9,667,2311,43,56,736,188,10,101,120,20.7
Jason Steele,0,10.430594,7.3159246,0,0.0,0.0,0.0,0.0,0.5,75.0,50.0,0.0,30.0,0.0,0.06,16.4,90.2,0,0,0,0,0.0,0,0.0,0,0,0,0,0,0,45.0,43.8,91,151,0,0,83,0,0,0,7,50.0
Jean-Clair Todibo,0,9.127998,5.338312,9,0.0,0.0,0.01,0.0,1.4849999999999999,68.15,17.9,0.0,0.0,0.0,0.0,14.6,87.4,2,40,1,5,0.29,0,0.0,24,33,8,12,21,44,50.0,50.0,623,1363,5,0,735,5,0,3,65,48.9
Jean-Philippe Mateta,2,3.6971524,6.3060393,38,0.5,0.07,0.43,0.11,1.4849999999999999,68.15,17.9,0.0,41.0,0.89,0.2,15.7,64.9,27,32,15,56,2.0,8,0.29,12,16,13,3,2,318,44.2,46.5,373,916,20,8,511,114,17,25,64,37.7
Jean-Ricner Bellegarde,2,5.7588882,4.728659,49,0.12,0.35,0.08,0.21,1.4849999999999999,68.15,17.9,0.0,25.0,0.29,0.1,21.7,78.7,26,27,17,53,3.08,10,0.58,22,19,6,3,10,295,23.3,51.7,464,1440,35,11,519,83,1,40,57,33.3
Jefferson Lerma,1,6.975473,2.6478117,11,0.0,0.04,0.04,0.06,1.4849999999999999,68.15,17.9,0.0,29.2,0.31,0.0,19.4,75.4,9,83,17,44,1.95,3,0.13,15,33,16,15,37,225,50.0,33.3,597,1004,10,0,747,25,0,11,139,50.0
Jeffrey Schlupp,2,7.073594,6.9374213,4,0.0,0.0,0.14,0.14,1.4849999999999999,68.15,17.9,0.0,50.0,1.75,0.0,17.7,78.0,3,4,2,7,6.06,0,0.0,0,3,3,0,0,41,100.0,0.0,30,67,1,1,41,9,0,4,6,42.9
Jens Cajuste,1,7.1295686,2.9655418,23,0.05,0.0,0.02,0.03,1.4849999999999999,68.15,17.9,0.0,10.0,0.05,0.1,21.3,82.4,11,45,5,30,1.51,1,0.05,19,47,28,9,25,185,54.3,32.6,421,1182,21,3,522,16,0,9,99,36.4
Jeremy Doku,4,1.314091,2.6988533,189,0.19,0.39,0.07,0.28,1.4849999999999999,68.15,17.9,0.0,37.5,0.58,0.13,18.2,79.3,28,12,44,68,4.38,13,0.84,19,14,7,1,4,705,55.1,29.2,731,4355,88,90,786,259,5,51,57,0.0
Jesper Lindstrøm,1,6.058144,3.5933993,30,0.0,0.07,0.15,0.15,1.4849999999999999,68.15,17.9,0.0,35.7,0.73,0.0,21.0,69.4,19,18,12,46,3.35,1,0.07,25,55,36,3,12,303,18.6,72.1,302,780,19,7,347,81,1,71,70,33.3
Joachim Andersen,3,10.109515,2.5317502,13,0.0,0.0,0.04,0.01,1.4849999999999999,68.15,17.9,0.0,23.5,0.16,0.0,15.2,82.8,3,176,6,30,1.17,2,0.08,17,20,7,26,30,93,66.7,0.0,1211,2996,14,1,1446,2,0,10,107,63.6
Joe Aribo,1,6.4323554,2.9510958,35,0.14,0.0,0.13,0.07,1.4849999999999999,68.15,17.9,0.0,41.2,0.33,0.18,14.0,88.5,16,50,4,37,1.75,1,0.05,30,34,17,9,20,294,39.1,47.8,708,1923,28,12,879,64,1,10,110,54.3
Joe Gomez,0,9.549354,6.157899,5,0.0,0.0,0.06,0.02,1.4849999999999999,68.15,17.9,0.0,66.7,0.35,0.0,11.9,88.7,2,29,0,5,0.87,1,0.17,10,16,5,6,7,37,45.0,43.8,303,947,2,1,335,2,0,2,34,69.2
Joe Lumley,0,10.024819,7.972838,0,0.0,0.0,0.0,0.0,2.33,65.0,0.0,0.0,30.0,0.0,0.06,16.4,70.2,0,2,0,0,0.0,0,0.0,0,0,0,0,0,0,45.0,43.8,103,296,0,0,108,0,0,0,2,66.7
Joe Willock,2,5.895372,4.993554,36,0.0,0.18,0.14,0.17,1.4849999999999999,68.15,17.9,0.0,17.6,0.26,0.0,15.4,82.4,21,25,8,44,3.86,4,0.35,16,29,11,6,6,227,35.3,47.1,302,984,27,14,347,82,3,16,40,26.3
Joelinton,1,5.593776,2.9218407,40,0.15,0.11,0.15,0.09,1.4849999999999999,68.15,17.9,0.0,28.9,0.49,0.09,14.0,82.7,23,80,17,61,2.29,9,0.34,35,44,19,7,23,448,32.6,60.9,729,1786,26,9,934,110,7,16,149,56.2
John McGinn,1,5.6093326,3.7037332,31,0.04,0.18,0.13,0.15,1.4849999999999999,68.15,17.9,0.0,19.2,0.22,0.04,16.2,82.5,29,66,27,68,2.98,7,0.31,22,27,16,2,14,319,40.9,27.3,547,1194,16,6,700,72,3,54,94,59.3
John Stones,3,8.288925,3.9744008,10,0.33,0.0,0.07,0.01,1.4849999999999999,68.15,17.9,0.0,100.0,0.33,1.0,5.1,91.1,2,42,0,8,1.31,2,0.33,2,5,0,3,4,68,100.0,0.0,292,1183,14,0,333,2,0,0,22,57.1
Jonny Evans,0,10.482533,6.234623,1,0.0,0.0,0.03,0.0,1.4849999999999999,68.15,17.9,0.0,0.0,0.0,0.0,8.4,88.8,0,9,1,2,0.62,0,0.0,5,4,2,1,4,11,100.0,0.0,128,183,0,0,137,2,0,0,15,72.7
Jordan Ayew,2,5.344205,5.082582,42,0.32,0.0,0.19,0.06,1.4849999999999999,68.15,17.9,0.0,28.6,0.51,0.14,18.8,72.9,14,22,12,35,2.21,2,0.13,13,19,13,0,12,282,39.0,50.8,425,1281,31,9,474,77,6,57,87,37.9
Jordan Pickford,0,10.80642,7.934265,0,0.0,0.03,0.0,0.01,1.23,71.1,28.6,100.0,30.0,0.0,0.06,16.4,66.5,2,68,8,12,0.34,2,0.06,0,2,1,0,1,0,45.0,43.8,895,3246,0,0,788,0,0,0,31,80.0
Jorge Cuenca,0,10.520549,6.453745,0,0.0,0.0,0.01,0.0,1.4849999999999999,68.15,17.9,0.0,0.0,0.0,0.0,13.1,83.6,0,7,0,1,0.35,0,0.0,2,5,3,3,2,6,100.0,0.0,65,116,1,0,92,0,0,1,9,66.7
Jorginho,0,8.303373,6.8194103,12,0.0,0.0,0.01,0.05,1.4849999999999999,68.15,17.9,0.0,0.0,0.0,0.0,23.2,86.7,3,44,10,12,1.55,0,0.0,4,20,12,0,7,130,25.0,50.0,302,874,13,0,388,6,0,1,54,14.3
Joshua Acheampong,0,8.996546,6.4238715,0,0.0,0.0,0.12,0.0,1.4849999999999999,68.15,17.9,0.0,0.0,0.0,0.0,8.9,83.9,0,6,0,2,1.06,0,0.0,1,2,0,0,1,8,50.0,0.0,106,409,2,0,111,0,0,0,7,14.3
Joshua Zirkzee,2,5.563786,6.6430593,14,0.19,0.06,0.31,0.1,1.4849999999999999,68.15,17.9,0.0,39.3,0.71,0.11,13.1,71.2,12,26,6,31,1.99,3,0.19,8,10,5,4,6,219,31.4,68.6,327,523,21,4,418,69,3,4,57,28.0
José Sá,0,10.561409,7.827061,0,0.0,0.0,0.0,0.01,1.67,62.0,25.9,33.3,30.0,0.0,0.06,16.4,63.8,2,18,1,4,0.15,0,0.0,2,2,0,0,0,0,100.0,0.0,565,2205,0,0,450,0,0,0,31,90.0
Jota Silva,2,5.0471077,6.1607876,20,0.32,0.11,0.22,0.31,1.4849999999999999,68.15,17.9,0.0,31.8,0.75,0.14,14.5,60.5,14,4,9,29,3.09,3,0.32,13,25,20,1,12,178,30.3,42.4,172,610,12,8,198,58,8,21,42,43.8
João Félix,2,5.468482,5.866266,21,0.24,0.24,0.54,0.23,1.4849999999999999,68.15,17.9,0.0,25.0,1.22,0.05,15.9,85.9,6,22,8,18,4.38,3,0.73,3,9,4,0,3,125,32.3,45.2,193,712,13,5,218,30,1,0,22,44.4
João Gomes,1,5.2569575,2.1387012,53,0.1,0.03,0.09,0.04,1.4849999999999999,68.15,17.9,0.0,21.2,0.23,0.09,18.1,84.9,22,107,22,62,2.01,3,0.1,62,102,60,4,25,451,45.6,43.9,957,2593,50,6,1230,68,1,27,178,27.3
João Pedro,4,1.9998158,3.2199903,66,0.46,0.28,0.41,0.23,1.4849999999999999,68.15,17.9,0.0,35.7,0.69,0.12,17.2,72.9,30,42,36,72,3.32,9,0.42,12,11,7,0,9,508,33.7,54.7,616,1821,39,30,732,128,2,22,59,48.8
Joël Veltman,1,6.880675,2.8695836,30,0.0,0.0,0.03,0.02,1.4849999999999999,68.15,17.9,0.0,16.7,0.05,0.0,19.7,79.9,6,62,8,22,1.19,1,0.05,28,51,21,7,18,240,26.7,33.3,526,1448,22,3,599,32,0,23,68,53.8
Joško Gvardiol,1,5.2380433,1.7166743,81,0.15,0.0,0.13,0.06,1.4849999999999999,68.15,17.9,0.0,29.7,0.33,0.14,13.0,90.9,25,237,20,69,2.07,7,0.21,34,37,18,20,38,727,57.5,35.0,1886,5715,92,13,2132,98,2,19,132,59.3
Julian Araujo,0,8.827386,7.171774,3,0.0,0.0,0.0,0.0,1.4849999999999999,68.15,17.9,0.0,30.0,0.0,0.06,16.4,78.5,0,17,1,4,0.85,0,0.0,3,12,7,0,6,47,45.0,43.8,108,205,1,0,128,19,0,6,28,22.2
Julio Enciso,2,5.7707686,5.769437,16,0.25,0.38,0.19,0.16,1.4849999999999999,68.15,17.9,0.0,38.5,1.27,0.08,22.7,70.8,10,13,7,23,2.92,4,0.51,8,9,5,0,1,128,46.9,42.9,164,591,18,6,212,33,0,15,39,30.4
Julio Enciso,2,6.413789,7.0543594,11,0.0,0.0,0.31,0.07,1.4849999999999999,68.15,17.9,0.0,55.0,3.37,0.0,21.3,66.0,5,13,4,12,3.69,0,0.0,0,2,2,0,0,116,47.6,38.1,114,386,10,4,141,17,0,20,15,54.5
Jurriën Timber,1,5.6218166,2.9063852,57,0.04,0.11,0.05,0.03,1.4849999999999999,68.15,17.9,0.0,28.6,0.15,0.07,14.1,85.6,17,107,17,52,1.94,9,0.34,38,27,9,4,22,505,45.3,45.3,890,2076,27,11,1052,104,6,28,94,52.4
Justin Devenny,2,6.4580345,6.7830844,4,0.21,0.0,0.14,0.09,1.4849999999999999,68.15,17.9,0.0,50.0,0.84,0.13,21.2,70.6,6,15,4,11,2.3,0,0.0,9,14,7,0,0,80,50.0,50.0,109,274,5,1,140,12,1,17,21,13.3
Justin Kluivert,4,2.0022445,3.0207632,74,0.5,0.25,0.42,0.2,1.4849999999999999,68.15,17.9,0.0,41.5,0.92,0.11,20.4,74.3,45,41,32,95,3.95,11,0.46,9,21,17,0,13,581,40.2,47.6,594,2161,52,34,653,153,5,80,73,21.9
Jáder Durán,2,4.75075,6.9946733,7,0.99,0.0,0.69,0.03,1.4849999999999999,68.15,17.9,0.0,48.4,2.12,0.23,15.6,70.6,4,10,1,18,2.54,1,0.14,7,4,3,0,0,122,21.4,64.3,133,267,7,2,192,44,5,3,19,50.0
Jørgen Strand Larsen,2,3.8759573,6.4178295,16,0.48,0.07,0.37,0.09,1.4849999999999999,68.15,17.9,0.0,60.4,1.17,0.25,11.4,63.1,19,18,4,40,1.46,5,0.18,6,27,23,4,5,284,41.2,58.8,328,446,13,9,507,106,14,6,42,40.7
Kai Havertz,2,3.9581542,6.370955,34,0.44,0.15,0.46,0.12,1.4849999999999999,68.15,17.9,0.0,40.4,1.03,0.17,11.7,78.5,16,26,8,41,2.01,3,0.15,9,15,11,4,6,403,23.7,63.2,411,922,23,18,575,110,14,11,39,45.9
Kalvin Phillips,1,6.930291,3.5615652,4,0.0,0.0,0.03,0.02,1.4849999999999999,68.15,17.9,0.0,18.2,0.15,0.0,24.3,79.1,5,49,6,17,1.24,3,0.22,19,39,24,6,19,122,41.7,50.0,310,569,5,0,394,4,0,20,68,24.1
Kamaldeen Sulemana,2,5.5403476,5.0290685,57,0.08,0.08,0.1,0.08,1.4849999999999999,68.15,17.9,0.0,30.8,0.61,0.04,18.8,79.8,10,6,13,28,2.14,3,0.23,14,13,5,0,6,272,35.9,55.4,331,1409,34,23,358,76,2,25,52,30.0
Kaoru Mitoma,4,1.4955599,2.5202634,138,0.32,0.11,0.31,0.16,1.4849999999999999,68.15,17.9,0.0,46.3,0.89,0.17,13.9,75.3,35,34,32,83,2.96,8,0.29,26,46,28,3,13,734,38.6,57.5,786,3663,76,55,911,277,5,72,92,47.1
Kasey McAteer,2,6.3089986,6.5658984,16,0.0,0.15,0.1,0.09,1.4849999999999999,68.15,17.9,0.0,44.4,0.59,0.0,16.5,71.5,8,8,6,18,2.65,2,0.29,11,21,12,1,3,128,12.5,62.5,174,473,9,8,193,52,2,16,33,38.5
Keane Lewis-Potter,1,4.5756893,2.735235,92,0.03,0.1,0.08,0.1,1.4849999999999999,68.15,17.9,0.0,51.9,0.44,0.04,20.5,77.3,23,61,41,67,2.12,8,0.25,26,44,18,9,19,469,40.2,50.5,783,2971,63,34,878,144,4,71,136,43.3
Kenny Tete,1,6.783579,2.9265122,33,0.0,0.12,0.07,0.05,1.4849999999999999,68.15,17.9,0.0,9.1,0.12,0.0,16.1,81.3,7,60,9,32,1.91,3,0.18,34,34,14,6,29,287,42.1,31.6,534,1229,20,7,596,47,1,29,65,60.0
Kepa Arrizabalaga,0,10.70239,7.0197544,0,0.0,0.0,0.0,0.0,1.25,75.4,25.0,0.0,0.0,0.0,0.0,9.7,71.9,1,9,0,4,0.14,0,0.0,0,2,2,0,0,1,100.0,0.0,557,1588,0,0,435,0,0,0,52,87.5
Kevin Danso,0,9.341394,6.4695754,11,0.0,0.0,0.06,0.01,1.4849999999999999,68.15,17.9,0.0,33.3,0.31,0.0,17.5,86.7,2,22,2,7,1.1,2,0.31,5,8,3,7,3,25,66.7,33.3,341,1015,5,0,363,1,0,1,22,66.7
Kevin De Bruyne,4,1.7190603,2.8703578,47,0.23,0.41,0.22,0.44,1.4849999999999999,68.15,17.9,0.0,28.6,0.82,0.08,21.7,76.0,51,80,51,104,6.08,11,0.64,9,23,18,0,7,739,37.5,50.0,711,1860,45,18,907,137,5,122,56,21.1
Kevin Schade,2,3.6351345,6.1866045,56,0.43,0.09,0.33,0.15,1.4849999999999999,68.15,17.9,0.0,46.0,1.0,0.2,11.6,58.2,20,29,9,50,2.18,9,0.39,23,20,8,2,5,463,35.8,56.8,399,1275,26,35,497,146,13,36,78,55.5
Kieran Tierney,2,7.4731474,6.5504394,5,0.0,0.0,0.1,0.43,1.4849999999999999,68.15,17.9,0.0,0.0,0.0,0.0,2.6,82.1,7,7,5,8,3.98,0,0.0,4,5,2,0,2,67,33.3,33.3,58,125,3,1,90,22,2,10,3,37.5
Kieran Trippier,1,5.9866204,3.8813322,25,0.0,0.21,0.01,0.09,1.4849999999999999,68.15,17.9,0.0,0.0,0.0,0.0,22.2,82.1,19,67,20,50,3.51,6,0.42,20,35,14,3,12,389,50.0,50.0,587,1158,14,4,818,53,2,79,65,58.3
Kiernan Dewsbury-Hall,2,7.243023,6.1672897,5,0.0,0.35,0.08,0.37,1.4849999999999999,68.15,17.9,0.0,0.0,0.0,0.0,7.8,83.6,3,12,3,5,1.73,1,0.35,5,6,2,0,1,58,50.0,50.0,93,221,1,0,137,11,0,2,9,0.0
Kobbie Mainoo,1,6.932928,3.0523715,21,0.0,0.0,0.03,0.09,1.4849999999999999,68.15,17.9,0.0,15.4,0.12,0.0,20.8,86.3,14,46,9,30,1.79,2,0.12,25,36,14,2,19,251,46.9,49.0,602,1131,14,10,696,42,2,5,79,41.3
Konstantinos Mavropanos,3,9.936349,3.1817813,16,0.0,0.0,0.07,0.02,1.4849999999999999,68.15,17.9,0.0,27.8,0.23,0.0,14.8,85.8,5,60,4,16,0.74,0,0.0,22,25,11,17,38,62,52.9,29.4,794,2124,10,1,936,2,3,2,68,70.0
Kosta Nedeljković,0,8.813488,7.1882515,1,0.0,0.0,0.0,0.0,1.4849999999999999,68.15,17.9,0.0,30.0,0.0,0.06,16.4,88.7,0,5,0,0,0.0,0,0.0,5,3,1,0,0,19,50.0,50.0,27,33,0,0,32,0,0,1,4,0.0
Kostas Tsimikas,2,6.646412,4.926944,16,0.0,0.12,0.05,0.26,1.4849999999999999,68.15,17.9,0.0,50.0,0.24,0.0,16.1,83.8,16,41,11,28,3.37,2,0.24,18,20,7,2,10,218,36.4,45.5,342,746,6,2,438,42,1,61,27,45.5
Kristoffer Ajer,0,8.752437,5.074733,27,0.0,0.0,0.05,0.08,1.4849999999999999,68.15,17.9,0.0,37.5,0.19,0.0,10.2,78.1,8,42,7,18,1.15,2,0.13,17,26,12,4,12,160,43.8,50.0,378,1172,11,2,481,42,1,14,42,55.1
Kyle Walker,0,7.9477196,5.209988,12,0.0,0.0,0.01,0.04,1.4849999999999999,68.15,17.9,0.0,40.0,0.19,0.0,27.7,87.7,7,63,7,17,1.58,0,0.0,10,26,12,4,3,228,50.0,33.3,499,1106,13,0,630,11,1,14,46,56.3
Kyle Walker-Peters,1,4.4613404,2.4554687,114,0.0,0.06,0.03,0.09,1.4849999999999999,68.15,17.9,0.0,30.0,0.19,0.0,18.3,88.2,24,119,30,63,1.94,7,0.22,29,35,19,15,19,540,41.3,42.4,1271,4373,72,24,1433,144,2,51,135,34.4
Lamare Bogarde,0,9.637548,6.4606376,12,0.0,0.0,0.01,0.02,1.4849999999999999,68.15,17.9,0.0,100.0,0.19,0.0,20.2,88.2,2,24,1,10,1.89,1,0.19,6,16,6,3,1,40,50.0,25.0,173,599,6,1,212,9,0,0,13,50.0
Leandro Trossard,4,1.8598766,3.0554647,75,0.31,0.19,0.26,0.2,1.4849999999999999,68.15,17.9,0.0,30.9,0.8,0.12,15.9,73.7,37,41,43,80,3.06,6,0.23,17,31,22,0,9,685,41.7,44.4,733,1942,49,29,857,207,6,79,93,21.4
Leif Davis,1,4.768806,3.0097692,48,0.04,0.07,0.03,0.15,1.4849999999999999,68.15,17.9,0.0,14.3,0.07,0.07,20.4,71.5,54,30,26,85,2.98,4,0.14,26,46,17,8,25,477,35.1,45.9,659,1940,27,10,770,117,3,148,111,60.0
Leny Yoro,0,9.290245,5.3738914,19,0.0,0.0,0.06,0.01,1.4849999999999999,68.15,17.9,0.0,20.0,0.08,0.0,8.6,92.1,2,43,5,8,0.65,0,0.0,11,17,6,3,18,70,50.0,50.0,577,1646,13,1,615,4,1,1,45,51.6
Leon Bailey,2,5.555067,5.067099,57,0.08,0.16,0.14,0.12,1.4849999999999999,68.15,17.9,0.0,21.4,0.47,0.04,17.3,70.7,16,16,20,38,3.01,4,0.32,4,10,8,0,3,318,38.6,42.1,344,1334,22,33,386,121,3,34,59,40.0
Lesley Ugochukwu,1,7.2976837,3.094245,29,0.06,0.06,0.05,0.06,1.4849999999999999,68.15,17.9,0.0,10.0,0.06,0.1,17.0,84.9,14,52,7,23,1.36,1,0.06,24,33,15,9,14,167,69.2,26.9,459,1195,15,6,570,20,0,6,62,54.1
Levi Colwill,3,9.915394,2.643098,13,0.03,0.03,0.04,0.04,1.4849999999999999,68.15,17.9,0.0,18.8,0.09,0.06,9.9,89.6,14,144,7,38,1.19,3,0.09,30,25,9,24,32,129,60.0,40.0,1543,3886,11,1,1996,11,4,13,110,59.8
Lewis Cook,1,4.7714767,2.235514,33,0.03,0.1,0.03,0.13,1.4849999999999999,68.15,17.9,0.0,28.6,0.13,0.07,23.4,76.8,48,150,26,87,2.78,5,0.16,42,66,30,11,40,453,61.1,38.9,791,2113,29,4,904,49,3,127,182,54.1
Lewis Dunk,3,9.528791,2.840571,20,0.0,0.0,0.03,0.02,1.4849999999999999,68.15,17.9,0.0,25.0,0.13,0.0,12.1,91.0,6,157,6,19,0.82,3,0.13,10,19,8,18,13,113,0.0,100.0,1341,3345,19,0,1556,3,2,5,104,62.2
Lewis Hall,1,5.1065054,2.4796505,41,0.0,0.16,0.02,0.18,1.4849999999999999,68.15,17.9,0.0,9.1,0.04,0.0,18.8,81.7,34,114,17,63,2.59,6,0.25,41,74,34,18,18,414,52.4,33.3,950,2358,22,13,1094,80,1,110,119,49.2
Lewis Miley,3,8.234259,4.173841,2,0.36,0.0,0.2,0.01,1.4849999999999999,68.15,17.9,0.0,66.7,0.72,0.33,14.6,87.7,1,10,4,3,1.08,0,0.0,9,11,5,1,2,57,33.3,33.3,96,186,1,0,141,7,0,0,16,50.0
Liam Delap,2,3.6539915,6.1917834,60,0.43,0.07,0.34,0.07,1.4849999999999999,68.15,17.9,0.0,43.8,1.01,0.16,16.0,61.2,21,16,6,62,2.24,7,0.25,7,14,12,0,2,326,46.4,42.9,436,1570,46,29,519,105,13,5,66,43.4
Lisandro Martínez,3,9.642957,2.887515,23,0.1,0.05,0.07,0.06,1.4849999999999999,68.15,17.9,0.0,35.3,0.31,0.12,15.9,89.4,9,91,18,26,1.34,2,0.1,24,36,15,8,32,125,85.7,14.3,1017,3129,23,2,1069,7,0,9,81,55.2
Lloyd Kelly,0,8.232728,6.2191644,0,0.0,0.3,0.12,0.14,1.4849999999999999,68.15,17.9,0.0,0.0,0.0,0.0,7.3,80.7,2,6,1,2,0.59,1,0.3,4,1,0,4,1,19,66.7,33.3,120,202,2,0,129,5,1,1,19,75.0
Lucas Bergvall,1,6.943384,2.9795122,33,0.0,0.07,0.05,0.04,1.4849999999999999,68.15,17.9,0.0,16.7,0.15,0.0,19.9,87.4,11,53,7,22,1.63,4,0.3,19,32,15,8,24,232,46.7,44.4,531,1634,21,4,586,31,0,21,73,52.9
Lucas Digne,1,4.894265,2.914293,23,0.0,0.16,0.03,0.17,1.4849999999999999,68.15,17.9,0.0,23.1,0.12,0.0,22.7,75.2,35,43,29,63,2.51,5,0.2,37,64,21,4,25,526,47.4,47.4,672,1328,14,4,808,140,7,138,100,56.5
Lucas Paquetá,1,5.330616,2.474956,22,0.15,0.0,0.2,0.12,1.4849999999999999,68.15,17.9,0.0,7.9,0.12,0.05,19.6,77.3,36,125,43,79,3.04,6,0.23,37,54,27,4,17,435,41.9,46.5,891,1300,32,2,1220,82,6,28,146,45.7
Luis Díaz,4,1.4841089,2.4598951,103,0.49,0.2,0.4,0.2,1.4849999999999999,68.15,17.9,0.0,41.5,1.09,0.18,13.5,84.3,54,45,43,116,4.69,16,0.65,21,34,21,0,7,668,45.9,43.2,733,2803,53,55,878,269,10,30,98,26.7
Luis Guilherme,2,7.3588877,6.839005,3,0.0,0.0,0.19,0.05,1.4849999999999999,68.15,17.9,0.0,33.3,0.65,0.0,14.9,83.9,3,3,3,10,6.52,0,0.0,0,3,3,0,3,37,55.6,22.2,42,136,3,1,55,13,0,8,7,66.7
Luis Sinisterra,2,5.504906,5.7861676,19,0.38,0.38,0.46,0.54,1.4849999999999999,68.15,17.9,0.0,46.2,2.29,0.08,14.8,78.5,9,6,2,14,5.29,1,0.38,2,4,4,0,1,96,40.0,50.0,95,393,6,10,102,38,1,7,17,30.0
Luke Shaw,0,8.137338,7.102973,6,0.0,0.0,0.01,0.29,1.4849999999999999,68.15,17.9,0.0,0.0,0.0,0.0,23.1,83.6,5,12,3,9,3.72,0,0.0,3,2,0,1,2,37,0.0,100.0,170,402,6,0,183,7,0,9,9,60.0
Luke Thomas,0,8.658803,5.532249,3,0.0,0.0,0.04,0.03,1.4849999999999999,68.15,17.9,0.0,0.0,0.0,0.0,16.8,79.3,7,27,3,12,1.24,1,0.1,20,32,14,5,18,99,40.0,60.0,314,497,7,2,363,13,0,23,36,50.0
Luke Woolfenden,0,9.193621,5.711821,7,0.0,0.0,0.0,0.0,1.4849999999999999,68.15,17.9,0.0,0.0,0.0,0.0,12.9,88.3,0,31,0,2,0.15,0,0.0,6,5,3,14,19,9,45.0,43.8,368,1249,3,0,442,0,1,0,38,50.0
Mads Hermansen,0,10.344603,7.9782763,0,0.0,0.0,0.0,0.0,2.19,64.5,3.7,25.0,30.0,0.0,0.06,16.4,61.0,0,20,1,3,0.11,0,0.0,1,1,0,0,0,0,100.0,0.0,734,1904,0,0,625,0,0,0,17,80.0
Mads Roerslev,2,6.78397,4.8634014,17,0.0,0.16,0.02,0.24,1.4849999999999999,68.15,17.9,0.0,40.0,0.16,0.0,20.8,78.7,14,37,11,21,1.72,2,0.16,8,28,17,5,4,146,36.8,42.1,352,858,13,0,407,54,0,31,39,41.7
Malo Gusto,1,5.1281943,2.6031682,49,0.0,0.05,0.08,0.06,1.4849999999999999,68.15,17.9,0.0,18.2,0.2,0.0,21.3,86.5,21,109,18,57,2.8,4,0.2,28,47,23,8,23,440,25.0,68.8,865,2195,35,8,1053,84,2,51,116,34.8
Manuel Akanji,3,9.778709,2.904384,38,0.0,0.0,0.04,0.02,1.4849999999999999,68.15,17.9,0.0,10.0,0.05,0.0,16.3,93.9,9,153,11,34,1.75,2,0.1,11,13,5,8,7,353,100.0,0.0,1071,3362,52,0,1291,6,0,11,89,47.3
Manuel Ugarte Ribeiro,1,6.218901,2.3006022,16,0.05,0.11,0.05,0.06,1.4849999999999999,68.15,17.9,0.0,21.1,0.21,0.05,21.7,87.9,10,54,9,31,1.64,4,0.21,46,66,38,4,26,201,56.3,31.3,642,1306,16,1,693,20,0,7,117,48.6
Marc Cucurella,1,5.8600993,2.7097363,31,0.13,0.03,0.09,0.07,1.4849999999999999,68.15,17.9,0.0,40.9,0.3,0.18,16.5,88.0,19,112,12,48,1.59,5,0.17,39,53,27,14,25,490,30.8,53.8,882,2180,18,2,1287,108,3,29,119,37.0
Marc Guéhi,3,9.939735,2.721638,22,0.09,0.06,0.06,0.05,1.4849999999999999,68.15,17.9,0.0,46.7,0.21,0.2,10.7,83.3,15,130,11,41,1.24,5,0.15,31,46,16,22,25,146,80.0,13.3,1099,2891,17,1,1283,10,1,13,137,54.4
Marco Asensio,2,5.159261,6.061063,16,0.5,0.17,0.7,0.14,1.4849999999999999,68.15,17.9,0.0,47.1,1.33,0.18,18.9,80.4,13,15,8,27,4.5,3,0.5,5,9,6,0,1,147,50.0,35.7,177,500,18,4,200,26,2,23,22,0.0
Marcos Senesi,0,8.963864,5.0743265,12,0.0,0.0,0.07,0.02,1.4849999999999999,68.15,17.9,0.0,0.0,0.0,0.0,6.0,76.6,3,73,12,16,1.42,1,0.09,21,30,16,7,11,67,55.6,44.4,483,1465,14,0,493,5,0,10,67,46.0
Marcus Rashford,2,5.450098,6.5508747,20,0.37,0.09,0.16,0.19,1.4849999999999999,68.15,17.9,0.0,56.3,0.83,0.25,16.4,73.8,15,13,16,29,2.67,1,0.09,4,9,6,0,4,222,23.1,66.7,293,728,19,12,341,79,7,27,24,41.7
Marcus Rashford,2,5.5880585,5.6605806,22,0.41,0.41,0.62,0.46,1.4849999999999999,68.15,17.9,0.0,27.8,1.01,0.06,19.4,71.3,13,2,9,27,5.49,3,0.61,7,6,2,0,1,159,40.9,59.1,127,471,10,15,149,42,1,28,14,11.1
Marcus Tavernier,4,2.3624828,3.0106149,41,0.16,0.27,0.29,0.15,1.4849999999999999,68.15,17.9,0.0,30.0,0.81,0.06,20.2,72.5,36,64,30,85,4.58,11,0.59,24,26,16,3,5,523,42.1,49.1,567,1622,40,7,641,106,4,91,101,44.6
Mario Lemina,1,7.2626433,3.0318677,8,0.07,0.2,0.09,0.07,1.4849999999999999,68.15,17.9,0.0,27.8,0.33,0.06,21.9,80.4,10,43,13,26,1.71,5,0.33,31,29,9,7,27,119,62.5,25.0,382,1038,12,2,482,21,4,10,73,61.0
Mark Flekken,0,10.639413,6.8568053,0,0.0,0.06,0.0,0.02,1.53,73.1,17.6,0.0,30.0,0.0,0.06,16.4,73.4,3,47,2,10,0.3,2,0.06,4,9,6,0,0,0,100.0,0.0,1045,3005,0,0,953,0,0,0,37,100.0
Mark Travers,0,9.884593,7.234364,0,0.0,0.0,0.0,0.0,1.0,80.0,20.0,0.0,30.0,0.0,0.06,16.4,70.4,0,3,0,0,0.0,0,0.0,0,0,0,0,0,0,45.0,43.8,85,188,0,0,68,0,0,0,3,100.0
Marshall Munetsi,2,5.953903,6.7580647,7,0.1,0.1,0.31,0.15,1.4849999999999999,68.15,17.9,0.0,33.3,0.51,0.07,14.8,72.7,7,4,2,16,1.64,1,0.1,10,20,8,1,6,94,20.0,70.0,119,159,3,3,150,26,3,6,31,57.1
Martin Dúbravka,0,10.364996,7.3818727,0,0.0,0.0,0.0,0.0,1.2,70.7,50.0,0.0,30.0,0.0,0.06,16.4,79.6,0,0,0,0,0.0,0,0.0,0,0,0,0,0,0,45.0,43.8,202,643,0,0,175,0,0,0,18,100.0
Martin Ødegaard,4,2.0258613,2.4496572,82,0.08,0.3,0.19,0.21,1.4849999999999999,68.15,17.9,0.0,30.2,0.55,0.02,18.7,82.9,57,120,81,115,4.86,14,0.59,11,24,20,0,4,801,41.8,54.5,1071,3426,74,23,1230,144,1,81,91,53.3
Mason Mount,2,5.797227,7.1207256,11,0.21,0.0,0.48,0.04,1.4849999999999999,68.15,17.9,0.0,38.5,1.05,0.08,15.7,80.2,5,11,4,15,3.14,0,0.0,4,10,2,1,3,86,0.0,80.0,149,328,9,2,172,23,0,9,15,40.0
Massimo Luongo,0,9.690592,7.402641,0,0.0,0.0,0.0,0.0,1.4849999999999999,68.15,17.9,0.0,30.0,0.0,0.06,16.4,75.4,0,1,0,0,0.0,0,0.0,5,7,3,2,2,19,45.0,43.8,40,25,0,0,44,1,0,1,10,100.0
Mateo Kovačić,1,5.457612,1.9615358,52,0.26,0.04,0.08,0.16,1.4849999999999999,68.15,17.9,0.0,29.3,0.53,0.15,22.5,92.6,29,189,28,63,2.77,6,0.26,38,63,33,0,20,567,51.3,28.2,1332,3573,73,3,1590,15,0,0,110,52.9
Mateus Fernandes,1,4.663613,2.4635768,73,0.07,0.1,0.13,0.09,1.4849999999999999,68.15,17.9,0.0,35.9,0.48,0.05,18.5,79.9,31,91,21,71,2.42,6,0.2,46,64,31,6,21,511,45.5,45.5,836,2981,66,8,1000,102,4,104,165,59.1
Matheus Cunha,4,1.7423517,2.3335457,104,0.56,0.22,0.29,0.27,1.4849999999999999,68.15,17.9,0.0,41.2,1.48,0.15,20.6,71.9,51,89,54,118,4.38,16,0.59,21,36,25,1,17,643,44.6,43.8,819,3108,88,36,957,147,8,123,123,27.0
Matheus Nunes,1,5.3237557,3.8109956,59,0.06,0.3,0.05,0.25,1.4849999999999999,68.15,17.9,0.0,42.9,0.18,0.14,18.3,86.3,21,45,25,39,2.35,6,0.36,21,34,19,3,13,560,44.4,36.1,779,2131,31,22,916,156,6,39,60,44.8
Mathias Jensen,2,6.452054,5.361935,6,0.0,0.22,0.03,0.18,1.4849999999999999,68.15,17.9,0.0,16.7,0.11,0.0,23.1,75.5,15,39,18,38,4.19,5,0.55,9,15,8,4,8,191,60.0,26.7,278,543,8,0,326,26,0,31,45,61.5
Mathys Tel,2,5.737794,6.5690713,18,0.28,0.14,0.32,0.19,1.4849999999999999,68.15,17.9,0.0,35.0,0.97,0.05,16.2,70.8,10,9,12,20,2.78,1,0.14,3,9,7,0,0,173,23.7,63.2,208,597,18,7,221,57,0,29,29,57.1
Mats Wieffer,2,6.7144814,4.8361344,13,0.12,0.36,0.09,0.18,1.4849999999999999,68.15,17.9,0.0,50.0,0.48,0.13,12.9,85.6,13,46,6,26,3.14,4,0.48,22,31,12,1,13,162,46.2,46.2,393,824,15,1,427,18,1,7,57,56.8
Matt Doherty,3,9.52596,2.9860232,29,0.09,0.05,0.05,0.07,1.4849999999999999,68.15,17.9,0.0,30.0,0.14,0.2,11.4,82.6,11,88,14,24,1.1,3,0.14,20,24,8,15,21,179,55.0,30.0,754,2050,19,4,909,40,2,18,99,71.6
Matt O'Riley,2,6.196302,5.2972527,19,0.11,0.11,0.21,0.18,1.4849999999999999,68.15,17.9,0.0,30.0,0.64,0.05,16.8,77.9,17,28,7,35,3.72,4,0.43,9,12,8,3,13,190,58.3,33.3,243,493,11,7,275,47,1,43,24,41.7
Matthijs de Ligt,3,9.770613,3.2985773,7,0.08,0.0,0.1,0.01,1.4849999999999999,68.15,17.9,0.0,50.0,0.38,0.11,7.9,89.9,6,63,2,14,0.59,1,0.04,22,32,9,21,33,56,50.0,50.0,1078,2225,3,0,1158,6,2,6,68,66.7
Matty Cash,1,6.5273557,3.2541256,46,0.05,0.05,0.02,0.05,1.4849999999999999,68.15,17.9,0.0,40.0,0.2,0.1,19.0,79.2,10,37,9,22,1.1,2,0.1,27,34,10,7,21,257,41.7,44.4,507,1618,34,4,575,75,1,33,64,47.2
Matz Sels,0,10.473475,7.4021535,0,0.0,0.0,0.0,0.0,1.2,74.3,37.1,0.0,30.0,0.0,0.06,16.4,51.1,1,42,3,5,0.14,0,0.0,1,1,0,0,0,0,45.0,43.8,489,1500,1,1,392,0,0,0,11,87.5
Max Kilman,3,10.3427725,2.7508955,29,0.0,0.03,0.04,0.03,1.4849999999999999,68.15,17.9,0.0,16.7,0.06,0.0,8.8,86.6,16,102,4,29,0.85,3,0.09,20,25,4,37,38,105,70.0,10.0,1151,2956,13,2,1441,6,2,3,138,67.7
Maxence Lacroix,3,9.973632,3.141036,8,0.03,0.03,0.1,0.02,1.4849999999999999,68.15,17.9,0.0,17.2,0.16,0.03,11.1,81.5,6,67,3,26,0.82,4,0.13,40,47,15,18,52,80,57.1,28.6,962,2079,4,0,1062,7,1,6,123,55.3
Michael Kayode,2,6.651878,5.611053,8,0.0,0.31,0.02,0.3,1.4849999999999999,68.15,17.9,0.0,0.0,0.0,0.0,18.5,73.6,4,5,1,10,3.09,3,0.93,8,7,0,0,4,55,58.3,33.3,72,269,4,3,70,16,0,7,22,66.7
Michael Keane,3,8.777228,4.318966,1,0.21,0.0,0.05,0.01,1.4849999999999999,68.15,17.9,0.0,37.5,0.32,0.25,14.8,81.6,2,17,0,6,0.63,0,0.0,7,13,6,7,10,18,0.0,100.0,189,236,1,0,240,3,0,1,24,58.8
Michail Antonio,2,5.98235,6.2864747,29,0.11,0.11,0.24,0.17,1.4849999999999999,68.15,17.9,0.0,21.1,0.43,0.05,12.6,60.6,9,11,6,22,2.37,4,0.43,2,3,1,0,0,151,33.3,48.1,173,695,13,9,221,59,4,25,22,43.6
Micky van de Ven,0,9.390005,5.479784,8,0.0,0.19,0.05,0.11,1.4849999999999999,68.15,17.9,0.0,33.3,0.19,0.0,11.1,91.0,2,50,1,11,1.04,2,0.19,6,14,6,6,10,36,50.0,50.0,599,1388,10,1,629,1,0,0,61,51.4
Miguel Almirón,2,6.5392866,7.0297174,3,0.0,0.0,0.3,0.15,1.4849999999999999,68.15,17.9,0.0,33.3,1.15,0.0,14.2,81.8,3,3,1,8,4.59,0,0.0,2,3,1,0,0,36,50.0,50.0,54,93,3,2,59,18,2,0,4,0.0
Mikel Merino,2,4.7582874,6.03108,9,0.38,0.13,0.28,0.12,1.4849999999999999,68.15,17.9,0.0,37.5,0.76,0.19,10.5,78.0,15,34,24,39,2.48,4,0.25,22,29,14,5,14,300,42.1,36.8,357,645,12,4,470,88,7,12,78,52.3
Mikey Moore,2,6.591838,5.6786942,9,0.0,0.43,0.09,0.15,1.4849999999999999,68.15,17.9,0.0,0.0,0.0,0.0,19.5,70.3,3,1,5,10,4.33,2,0.87,0,1,1,0,1,68,8.3,75.0,76,263,3,4,79,31,3,14,8,20.0
Mikkel Damsgaard,1,3.8416188,1.9706174,64,0.07,0.34,0.09,0.26,1.4849999999999999,68.15,17.9,0.0,21.9,0.24,0.06,17.5,72.7,59,153,67,114,3.86,21,0.71,43,72,44,2,26,640,52.7,35.5,972,2753,42,9,1131,121,6,130,159,32.4
Milos Kerkez,1,4.263257,2.4485793,96,0.06,0.15,0.02,0.11,1.4849999999999999,68.15,17.9,0.0,29.4,0.15,0.12,20.4,75.2,32,80,36,76,2.22,9,0.26,26,37,14,11,42,654,45.5,31.8,986,3394,67,15,1073,169,1,125,156,34.7
Mohamed Salah,4,1.6088419,2.3198187,143,0.81,0.52,0.7,0.38,1.4849999999999999,68.15,17.9,0.0,42.0,1.36,0.17,14.7,71.2,82,49,86,157,4.56,26,0.75,11,16,9,0,7,1023,44.0,52.0,1079,3375,54,115,1313,440,16,72,95,42.9
Mohammed Kudus,4,1.7057961,2.9819472,93,0.15,0.07,0.24,0.09,1.4849999999999999,68.15,17.9,0.0,29.4,0.74,0.06,15.7,83.5,29,44,27,101,3.76,7,0.26,21,27,17,1,4,572,44.8,45.9,770,2401,56,39,916,201,18,74,128,20.8
Moisés Caicedo,1,5.569534,1.9142857,38,0.03,0.06,0.02,0.09,1.4849999999999999,68.15,17.9,0.0,16.7,0.09,0.06,25.1,89.7,29,219,31,94,2.75,9,0.26,64,80,30,10,49,430,42.1,35.1,1323,3008,29,2,1666,33,0,9,203,68.8
Morato,0,10.378061,6.2724366,0,0.0,0.0,0.02,0.0,1.4849999999999999,68.15,17.9,0.0,50.0,0.11,0.0,8.6,74.2,0,11,0,3,0.33,0,0.0,13,20,7,4,10,19,100.0,0.0,125,274,2,0,161,1,0,0,31,27.8
Morgan Gibbs-White,4,2.4972944,2.7874825,64,0.18,0.25,0.17,0.16,1.4849999999999999,68.15,17.9,0.0,34.0,0.64,0.09,17.0,78.0,48,117,37,104,3.68,17,0.6,19,30,15,4,20,581,40.0,45.3,829,2410,47,12,1109,118,7,39,118,44.8
Morgan Rogers,4,2.045766,2.603688,108,0.25,0.25,0.2,0.23,1.4849999999999999,68.15,17.9,0.0,35.8,0.6,0.15,15.9,73.9,48,71,52,101,3.19,14,0.44,18,39,20,7,5,553,42.5,44.4,744,3036,64,33,897,177,2,22,108,20.4
Murillo,3,10.467053,2.8347483,20,0.06,0.0,0.04,0.03,1.4849999999999999,68.15,17.9,0.0,25.0,0.18,0.08,22.2,78.2,12,124,13,40,1.2,2,0.06,36,46,19,44,32,96,78.8,21.2,760,2286,24,1,912,5,0,12,134,67.2
Mykhailo Mudryk,2,6.2489586,6.762559,7,0.0,0.0,0.15,0.58,1.4849999999999999,68.15,17.9,0.0,100.0,0.6,0.0,11.6,66.7,2,2,2,6,3.6,0,0.0,2,0,0,1,0,38,37.5,62.5,39,227,8,0,42,12,1,7,9,33.3
Myles Lewis-Skelly,3,8.334722,3.9280825,32,0.08,0.0,0.01,0.03,1.4849999999999999,68.15,17.9,0.0,50.0,0.08,0.5,14.3,90.7,7,55,8,24,1.85,0,0.0,14,10,0,1,6,225,46.2,34.6,443,1473,23,5,529,33,0,8,45,44.4
Nathan Aké,0,10.492175,5.987163,12,0.0,0.0,0.03,0.0,1.4849999999999999,68.15,17.9,0.0,0.0,0.0,0.0,10.0,93.9,1,42,1,8,1.06,0,0.0,7,6,2,2,3,61,100.0,0.0,403,1501,12,1,449,2,0,1,24,56.5
Nathan Broadhead,2,6.140074,6.8584495,17,0.15,0.0,0.22,0.1,1.4849999999999999,68.15,17.9,0.0,60.0,0.89,0.1,15.4,76.0,6,10,4,19,2.83,2,0.3,3,9,6,1,4,109,50.0,43.8,152,502,14,4,191,27,2,9,30,10.0
Nathan Collins,3,10.33954,2.7090805,28,0.06,0.09,0.07,0.05,1.4849999999999999,68.15,17.9,0.0,35.3,0.17,0.12,10.7,85.7,10,102,7,30,0.86,8,0.23,22,34,12,51,32,164,50.0,41.7,1176,3769,12,0,1365,18,6,7,149,65.1
Nathan Patterson,2,7.5235934,6.0521045,6,0.0,0.26,0.02,0.11,1.4849999999999999,68.15,17.9,0.0,0.0,0.0,0.0,16.8,73.9,4,9,5,11,2.85,1,0.26,6,14,7,0,2,75,75.0,16.7,95,216,5,2,117,18,0,14,12,12.5
Nathan Wood-Gordon,0,9.138492,6.1486726,2,0.0,0.0,0.03,0.0,1.4849999999999999,68.15,17.9,0.0,0.0,0.0,0.0,5.9,92.8,1,11,0,3,0.43,0,0.0,7,8,3,5,4,27,60.0,20.0,253,454,6,0,339,0,0,3,20,61.1
Nathaniel Clyne,0,8.093627,7.307317,6,0.0,0.0,0.0,0.06,1.4849999999999999,68.15,17.9,0.0,0.0,0.0,0.0,31.4,76.0,3,16,2,3,0.56,0,0.0,8,11,5,2,3,37,0.0,100.0,158,314,2,3,178,8,0,7,10,12.5
Neco Williams,1,5.4198117,2.5676463,60,0.04,0.12,0.09,0.06,1.4849999999999999,68.15,17.9,0.0,18.9,0.27,0.03,20.2,76.1,16,64,19,46,1.78,6,0.23,45,73,28,9,25,401,40.9,40.9,569,1970,28,15,654,86,1,46,96,55.4
Neto,0,9.583074,7.2623353,0,0.0,0.0,0.0,0.0,1.0,84.6,0.0,0.0,30.0,0.0,0.06,16.4,64.5,0,2,0,0,0.0,0,0.0,0,0,0,0,0,0,45.0,43.8,35,99,0,0,28,0,0,0,3,50.0
Nick Pope,0,10.803102,7.8985195,0,0.0,0.0,0.0,0.0,1.32,70.1,28.0,50.0,30.0,0.0,0.06,16.4,72.8,1,2,0,6,0.24,0,0.0,0,0,0,0,1,0,45.0,43.8,397,1519,0,0,273,0,0,0,21,91.7
Niclas Füllkrug,2,5.158151,6.791062,6,0.4,0.27,0.27,0.25,1.4849999999999999,68.15,17.9,0.0,35.7,0.67,0.21,10.2,65.4,13,10,4,19,2.56,2,0.27,2,3,1,0,0,88,20.0,60.0,87,172,3,2,159,25,9,1,12,40.8
Nico O’Reilly,3,7.8350444,4.439411,16,0.35,0.0,0.23,0.06,1.4849999999999999,68.15,17.9,0.0,37.5,0.53,0.25,15.4,86.9,4,28,1,12,2.11,2,0.35,4,8,4,1,4,130,60.0,40.0,246,574,14,0,296,25,1,8,29,41.7
Nicolas Jackson,2,3.5511625,6.1883287,46,0.41,0.21,0.51,0.18,1.4849999999999999,68.15,17.9,0.0,44.7,1.4,0.13,12.9,75.9,28,22,10,68,2.8,10,0.41,13,10,5,2,3,357,30.0,51.7,413,1304,25,30,507,127,23,3,48,34.5
Nicolás Domínguez,1,6.3839693,2.3548996,13,0.0,0.05,0.07,0.07,1.4849999999999999,68.15,17.9,0.0,38.9,0.36,0.0,19.0,87.0,13,73,9,32,1.66,0,0.0,40,66,36,11,27,252,37.5,37.5,400,805,11,2,585,27,1,5,102,51.2
Nicolás González,0,8.18573,5.834797,5,0.0,0.0,0.04,0.01,1.4849999999999999,68.15,17.9,0.0,0.0,0.0,0.0,19.3,92.9,1,48,4,15,2.08,3,0.42,6,11,5,0,5,143,16.7,50.0,386,615,9,1,484,10,0,0,31,59.3
Nikola Milenković,3,10.049648,3.4836385,3,0.12,0.06,0.1,0.03,1.4849999999999999,68.15,17.9,0.0,26.9,0.21,0.15,12.1,81.2,8,48,2,18,0.53,3,0.09,26,27,6,24,25,82,100.0,0.0,486,963,3,2,638,6,1,0,75,72.2
Noni Madueke,4,1.3632584,2.730598,142,0.35,0.15,0.45,0.2,1.4849999999999999,68.15,17.9,0.0,39.0,1.49,0.09,14.4,77.6,30,13,34,76,3.77,8,0.4,15,34,21,0,8,548,44.4,44.4,587,3159,46,87,676,212,5,58,72,38.5
Noussair Mazraoui,1,5.5188656,2.0561962,37,0.0,0.03,0.02,0.05,1.4849999999999999,68.15,17.9,0.0,23.1,0.1,0.0,20.6,85.5,18,118,18,50,1.71,1,0.03,60,85,34,8,34,318,55.3,36.2,1086,2680,29,3,1190,51,3,20,141,62.7
Nélson Semedo,1,5.0640855,2.6339767,61,0.0,0.14,0.03,0.09,1.4849999999999999,68.15,17.9,0.0,37.5,0.2,0.0,23.4,80.1,21,63,25,52,1.76,6,0.2,34,53,23,10,23,416,45.3,42.2,790,2320,36,9,882,109,4,58,121,39.7
Odsonne Édouard,2,7.330677,7.4410186,2,0.0,0.0,0.31,0.04,1.4849999999999999,68.15,17.9,0.0,20.0,0.78,0.0,20.9,60.7,1,2,0,1,0.78,0,0.0,0,2,2,0,0,18,0.0,100.0,23,50,1,2,26,7,2,1,5,20.0
Ola Aina,1,5.437175,2.2998185,59,0.07,0.03,0.02,0.04,1.4849999999999999,68.15,17.9,0.0,20.0,0.07,0.2,25.9,73.3,15,78,20,58,1.91,3,0.1,41,63,28,12,31,364,45.6,36.8,675,2524,40,10,737,56,2,47,173,41.9
Oleksandr Zinchenko,0,7.638032,5.837068,10,0.0,0.2,0.05,0.03,1.4849999999999999,68.15,17.9,0.0,0.0,0.0,0.0,18.0,83.0,2,26,7,16,3.16,2,0.4,1,7,5,0,4,130,75.0,0.0,233,509,5,3,285,12,1,10,16,50.0
Oliver Scarles,0,8.230188,7.001498,11,0.0,0.0,0.02,0.0,1.4849999999999999,68.15,17.9,0.0,0.0,0.0,0.0,20.2,78.1,1,9,5,5,0.76,0,0.0,11,21,8,2,10,118,16.7,83.3,190,445,9,1,243,39,1,13,33,50.0
Oliver Skipp,0,8.243325,5.6721683,16,0.0,0.0,0.01,0.02,1.4849999999999999,68.15,17.9,0.0,25.0,0.09,0.0,21.0,85.0,9,30,4,14,1.27,0,0.0,4,15,6,4,10,90,54.5,45.5,321,629,7,3,390,19,0,5,40,62.5
Ollie Watkins,2,3.610377,6.2148533,52,0.58,0.27,0.57,0.12,1.4849999999999999,68.15,17.9,0.0,42.3,1.27,0.17,12.2,74.2,23,12,12,51,1.97,11,0.42,6,11,8,3,8,368,23.7,65.8,375,1052,21,36,502,148,13,7,39,43.1
Omar Marmoush,2,4.9193006,6.504178,21,0.54,0.0,0.43,0.15,1.4849999999999999,68.15,17.9,0.0,42.1,1.44,0.16,18.0,78.1,13,8,24,33,2.98,1,0.09,6,15,8,1,5,271,41.0,46.2,262,760,15,11,295,68,9,25,32,38.5
Omari Hutchinson,1,5.0219173,3.5296614,74,0.12,0.08,0.09,0.11,1.4849999999999999,68.15,17.9,0.0,43.2,0.62,0.08,21.0,78.4,25,44,21,68,2.65,6,0.23,12,45,32,1,10,480,39.3,47.9,671,2433,35,31,772,135,4,60,96,20.0
Orel Mangala,0,7.884291,5.190023,6,0.07,0.0,0.08,0.05,1.4849999999999999,68.15,17.9,0.0,37.5,0.43,0.06,22.1,89.2,8,50,8,24,1.72,1,0.07,8,8,3,3,21,157,58.3,37.5,298,576,6,3,406,19,2,6,49,42.9
Pablo Sarabia,2,5.1706476,6.0319314,12,0.38,0.25,0.36,0.2,1.4849999999999999,68.15,17.9,0.0,47.1,1.01,0.18,18.9,70.1,13,36,17,25,3.14,4,0.5,8,14,5,0,4,188,46.2,38.5,272,615,14,0,321,52,5,40,29,25.0
Pape Matar Sarr,1,6.062821,2.941616,32,0.16,0.1,0.17,0.08,1.4849999999999999,68.15,17.9,0.0,40.6,0.68,0.09,21.8,86.8,15,85,11,42,2.19,6,0.31,32,23,12,9,26,291,39.3,50.0,745,1843,35,5,838,50,2,14,108,41.2
Patrick Dorgu,0,8.165938,5.4113426,27,0.0,0.0,0.05,0.06,1.4849999999999999,68.15,17.9,0.0,22.2,0.29,0.0,16.2,79.8,7,15,7,13,1.86,1,0.14,17,17,5,0,4,164,33.3,33.3,243,838,14,4,277,54,3,28,26,63.2
Patson Daka,2,6.89421,7.237075,10,0.14,0.0,0.17,0.01,1.4849999999999999,68.15,17.9,0.0,26.7,0.55,0.07,14.8,71.6,1,6,1,10,1.38,1,0.14,9,17,10,1,1,94,13.3,66.7,134,309,7,5,158,34,3,3,18,27.0
Pau Torres,0,10.349688,5.375187,33,0.0,0.0,0.03,0.0,1.4849999999999999,68.15,17.9,0.0,25.0,0.1,0.0,11.7,88.7,2,96,7,12,0.59,2,0.1,14,15,6,10,9,79,88.2,11.8,839,3596,20,0,963,4,0,1,54,38.1
Paul Onuachu,2,5.1076627,7.0475802,7,0.35,0.09,0.32,0.04,1.4849999999999999,68.15,17.9,0.0,44.1,1.31,0.12,10.4,60.7,8,13,2,9,0.79,1,0.09,2,7,4,2,1,160,28.0,56.0,208,243,5,2,349,40,9,0,17,61.6
Pedro Neto,4,1.5312034,2.866315,118,0.18,0.22,0.13,0.27,1.4849999999999999,68.15,17.9,0.0,29.6,0.72,0.07,18.8,78.6,44,29,35,85,3.8,8,0.36,9,19,11,2,9,657,32.6,43.5,672,3004,52,42,753,229,3,133,71,27.8
Pedro Porro,1,4.0601397,2.1474037,63,0.07,0.22,0.06,0.15,1.4849999999999999,68.15,17.9,0.0,21.6,0.29,0.05,23.1,73.5,54,120,55,104,3.8,8,0.29,46,73,31,17,34,749,33.3,61.5,1132,2677,40,5,1229,106,1,191,148,33.3
Pervis Estupiñán,1,4.7445207,2.5628874,55,0.04,0.04,0.04,0.08,1.4849999999999999,68.15,17.9,0.0,30.4,0.28,0.04,24.5,83.3,24,97,32,52,2.11,4,0.16,39,46,15,2,34,467,53.3,43.3,944,2388,55,9,1070,107,3,114,136,62.3
Phil Foden,4,2.1939628,3.1653132,47,0.37,0.11,0.27,0.25,1.4849999999999999,68.15,17.9,0.0,30.8,0.85,0.13,18.5,84.0,42,40,35,84,4.47,9,0.48,5,17,10,1,9,629,33.3,53.8,677,1676,30,15,842,119,3,73,59,27.3
Philip Billing,2,7.319209,6.7449837,3,0.0,0.0,0.28,0.54,1.4849999999999999,68.15,17.9,0.0,20.0,0.49,0.0,17.9,68.6,9,9,7,16,7.83,0,0.0,5,4,1,0,5,57,33.3,0.0,58,163,1,1,75,13,0,10,14,60.0
Radu Drăgușin,0,9.313506,5.440321,7,0.0,0.0,0.01,0.03,1.4849999999999999,68.15,17.9,0.0,20.0,0.07,0.0,12.7,85.2,4,52,2,8,0.58,1,0.07,6,12,6,16,15,30,0.0,0.0,623,1666,3,0,669,2,0,1,48,60.0
Raheem Sterling,2,6.4184456,5.634104,25,0.0,0.41,0.27,0.1,1.4849999999999999,68.15,17.9,0.0,0.0,0.0,0.0,15.0,77.0,8,4,9,18,3.71,3,0.62,4,8,4,0,1,190,36.0,36.0,178,690,9,15,188,73,4,14,14,25.0
Ramón Sosa,2,6.3854127,6.964696,12,0.31,0.0,0.31,0.15,1.4849999999999999,68.15,17.9,0.0,45.5,1.53,0.09,18.6,68.0,8,2,5,14,4.23,0,0.0,3,5,4,0,4,77,61.5,38.5,75,333,7,5,81,17,3,8,25,36.4
Rasmus Højlund,2,5.587663,6.827405,26,0.21,0.0,0.2,0.06,1.4849999999999999,68.15,17.9,0.0,40.0,0.52,0.16,12.8,76.7,14,12,5,30,1.55,1,0.05,1,4,4,0,1,201,31.0,62.1,275,625,13,16,352,83,11,6,30,21.9
Rayan Aït-Nouri,1,4.340882,2.4627745,79,0.13,0.22,0.08,0.15,1.4849999999999999,68.15,17.9,0.0,23.5,0.25,0.12,14.9,83.9,36,67,27,78,2.45,12,0.38,52,67,26,6,24,605,48.3,39.7,1006,2850,54,24,1181,158,5,86,133,41.7
Raúl Jiménez,2,3.8288102,6.319223,32,0.4,0.12,0.45,0.13,1.4849999999999999,68.15,17.9,0.0,32.1,1.09,0.08,14.4,71.0,20,36,10,57,2.31,6,0.24,23,20,13,5,10,431,40.4,53.2,509,1000,21,17,677,119,14,22,74,46.4
Reece James,0,7.8481483,5.190946,6,0.11,0.0,0.03,0.06,1.4849999999999999,68.15,17.9,0.0,37.5,0.32,0.13,23.2,84.6,10,72,5,15,1.61,1,0.11,9,9,6,4,12,131,37.5,37.5,398,728,4,0,482,10,0,38,55,77.8
Reiss Nelson,2,5.7004952,5.8998823,45,0.18,0.18,0.2,0.18,1.4849999999999999,68.15,17.9,0.0,50.0,1.11,0.08,15.4,86.6,13,7,15,31,5.73,1,0.18,6,13,8,0,5,212,37.1,37.1,259,960,25,21,274,63,1,23,29,0.0
Renato Veiga,0,9.322749,6.9113903,4,0.0,0.0,0.07,0.0,1.4849999999999999,68.15,17.9,0.0,33.3,0.5,0.0,17.1,84.9,0,6,1,1,0.49,0,0.0,6,12,8,1,1,27,60.0,40.0,85,144,5,1,110,3,1,0,9,50.0
Ricardo Pereira,0,9.581093,6.732879,3,0.0,0.0,0.02,0.0,1.4849999999999999,68.15,17.9,0.0,50.0,0.26,0.0,17.0,82.4,0,18,0,3,0.79,0,0.0,6,12,6,2,2,37,62.5,25.0,132,147,3,2,143,5,0,3,16,66.7
Riccardo Calafiori,3,8.061968,4.0033193,21,0.19,0.1,0.08,0.03,1.4849999999999999,68.15,17.9,0.0,60.0,0.58,0.2,14.1,85.4,6,40,9,13,1.26,2,0.19,18,29,11,6,9,222,69.2,23.1,291,839,12,3,377,29,3,11,30,62.9
Richarlison,2,4.8673844,7.029713,8,0.76,0.19,0.7,0.17,1.4849999999999999,68.15,17.9,0.0,41.2,1.33,0.24,9.1,63.2,4,8,4,8,1.51,1,0.19,3,2,2,1,0,62,6.7,86.7,87,164,8,3,118,22,3,7,10,29.0
Rico Lewis,1,6.2945514,2.908612,36,0.05,0.1,0.07,0.02,1.4849999999999999,68.15,17.9,0.0,20.0,0.1,0.1,15.8,92.0,7,92,14,31,1.54,3,0.15,19,21,8,7,13,427,42.9,52.4,816,2034,38,8,1005,68,0,3,94,27.8
Robert Sánchez,0,10.557931,7.502324,0,0.0,0.0,0.0,0.0,1.1,76.3,27.6,20.0,30.0,0.0,0.06,16.4,71.7,2,25,1,7,0.24,2,0.07,0,1,1,0,2,0,45.0,43.8,805,2517,0,0,751,0,0,0,41,100.0
Robin Olsen,0,10.36336,7.5157456,0,0.0,0.0,0.0,0.0,2.0,55.6,100.0,0.0,30.0,0.0,0.06,16.4,71.1,0,2,0,2,1.0,1,0.5,0,1,0,0,0,0,45.0,43.8,44,109,0,0,41,0,0,0,2,50.0
Rodrigo Bentancur,1,6.8636703,2.6437159,26,0.12,0.0,0.08,0.03,1.4849999999999999,68.15,17.9,0.0,22.7,0.3,0.09,17.4,88.1,10,107,12,45,2.67,3,0.18,20,39,20,8,36,215,44.4,44.4,739,1446,23,5,826,34,1,4,111,56.5
Rodrigo Gomes,2,6.213764,6.3828425,22,0.27,0.0,0.08,0.12,1.4849999999999999,68.15,17.9,0.0,50.0,0.4,0.33,17.3,67.1,12,10,12,21,2.82,0,0.0,13,19,9,1,5,152,35.7,42.9,178,750,17,7,203,65,0,19,24,28.6
Rodrigo Muniz,2,4.8147335,7.0142593,6,0.75,0.09,0.54,0.07,1.4849999999999999,68.15,17.9,0.0,48.7,1.77,0.21,12.0,64.8,7,13,3,17,1.59,2,0.19,5,4,0,2,5,127,33.3,50.0,157,187,4,3,237,31,3,1,14,51.5
Roméo Lavia,0,8.418256,5.872218,3,0.0,0.13,0.02,0.1,1.4849999999999999,68.15,17.9,0.0,0.0,0.0,0.0,16.0,91.3,7,42,3,13,1.71,2,0.26,13,19,10,0,14,60,61.5,38.5,248,481,8,0,298,7,0,0,35,83.3
Ross Barkley,3,7.599891,4.481457,15,0.47,0.16,0.27,0.1,1.4849999999999999,68.15,17.9,0.0,33.3,0.79,0.2,14.0,86.0,9,29,6,18,2.84,3,0.47,3,14,5,3,10,117,72.7,27.3,263,657,14,2,314,10,0,1,41,60.0
Ross Stewart,0,8.65518,6.670447,1,0.0,0.0,0.08,0.0,1.4849999999999999,68.15,17.9,0.0,0.0,0.0,0.0,11.6,73.1,0,1,1,2,0.63,0,0.0,2,6,4,0,0,39,50.0,50.0,49,63,0,1,72,6,1,0,2,34.8
Ryan Christie,1,5.086514,2.1150599,34,0.09,0.13,0.08,0.15,1.4849999999999999,68.15,17.9,0.0,36.4,0.51,0.06,19.6,79.3,41,118,33,85,3.62,9,0.38,33,64,37,11,30,372,47.9,45.8,726,1773,40,8,777,44,1,48,182,41.7
Ryan Fraser,0,9.528413,6.504547,10,0.0,0.0,0.01,0.03,1.4849999999999999,68.15,17.9,0.0,100.0,0.29,0.0,31.6,74.8,2,3,1,5,1.47,0,0.0,2,6,2,1,1,37,66.7,33.3,74,252,5,2,94,18,1,12,10,40.0
Ryan Gravenberch,1,5.3762603,2.0197852,65,0.0,0.12,0.03,0.09,1.4849999999999999,68.15,17.9,0.0,27.8,0.15,0.0,24.7,88.9,25,140,32,65,2.0,6,0.18,34,51,21,10,57,485,48.0,37.3,1286,3408,71,9,1548,54,0,6,182,65.0
Ryan Manning,1,6.112823,3.890105,14,0.0,0.06,0.02,0.2,1.4849999999999999,68.15,17.9,0.0,12.5,0.06,0.0,22.0,77.2,34,33,12,50,3.08,3,0.18,17,26,12,11,17,321,30.6,44.4,482,977,13,4,572,74,0,84,65,75.0
Ryan Sessegnon,2,5.1628,6.396164,14,0.77,0.38,0.3,0.18,1.4849999999999999,68.15,17.9,0.0,53.8,1.34,0.31,12.6,76.5,10,7,3,17,3.25,3,0.57,11,15,9,0,3,124,29.4,58.8,129,434,11,9,149,51,1,13,25,44.4
Ryan Yates,1,7.0904984,2.9003408,17,0.1,0.05,0.11,0.05,1.4849999999999999,68.15,17.9,0.0,28.1,0.43,0.06,19.3,81.7,17,46,4,36,1.73,3,0.14,21,37,20,9,26,257,50.0,27.8,408,888,18,1,526,14,6,5,95,59.5
Rúben Dias,3,9.709398,2.471372,35,0.0,0.0,0.06,0.01,1.4849999999999999,68.15,17.9,0.0,27.8,0.22,0.0,19.2,93.6,5,189,5,22,0.99,1,0.04,10,11,4,14,18,255,66.7,33.3,1592,5295,54,1,1815,6,0,3,68,49.2
Sam Johnstone,0,10.070025,8.067294,0,0.0,0.0,0.0,0.0,2.43,61.5,0.0,0.0,30.0,0.0,0.06,16.4,66.2,1,6,0,2,0.29,0,0.0,0,1,1,0,0,0,45.0,43.8,196,756,0,0,179,0,0,0,9,100.0
Sam Morsy,1,6.0522966,2.1642632,16,0.04,0.04,0.01,0.03,1.4849999999999999,68.15,17.9,0.0,22.2,0.07,0.11,26.3,86.2,18,132,13,40,1.45,2,0.07,36,57,31,13,28,210,57.1,33.3,761,1783,20,2,999,9,0,12,138,42.5
Sammie Szmodics,2,5.350698,7.032556,16,0.37,0.0,0.31,0.02,1.4849999999999999,68.15,17.9,0.0,57.1,1.1,0.19,14.0,74.2,4,10,4,9,0.83,0,0.0,9,23,17,2,6,116,33.3,50.0,174,399,8,7,189,46,8,13,41,35.3
Sander Berge,3,9.409263,4.3974943,27,0.0,0.0,0.01,0.03,1.4849999999999999,68.15,17.9,0.0,0.0,0.0,0.0,7.6,91.4,17,105,4,41,1.76,2,0.09,28,37,12,8,20,206,55.0,30.0,754,1856,22,2,836,8,0,3,118,57.4
Sandro Tonali,1,5.6004887,2.3480668,33,0.11,0.08,0.14,0.05,1.4849999999999999,68.15,17.9,0.0,31.3,0.38,0.09,19.6,83.5,20,91,26,61,2.32,8,0.3,30,44,22,10,33,382,54.3,37.1,877,2014,34,5,1126,48,2,31,163,52.2
Santiago Bueno,3,9.019123,4.325175,1,0.0,0.0,0.02,0.0,1.4849999999999999,68.15,17.9,0.0,50.0,0.16,0.0,14.0,88.0,0,24,2,12,0.64,4,0.21,21,22,5,20,15,21,0.0,100.0,555,1430,2,0,660,1,0,0,43,53.0
Saša Lukić,1,5.4063945,2.539327,37,0.0,0.08,0.05,0.11,1.4849999999999999,68.15,17.9,0.0,11.8,0.08,0.0,20.1,87.7,23,97,15,50,2.08,3,0.12,37,53,32,7,26,307,47.1,29.4,775,2083,39,4,897,29,0,55,107,42.9
Sean Longstaff,0,8.636645,5.4289894,4,0.0,0.0,0.07,0.02,1.4849999999999999,68.15,17.9,0.0,16.7,0.11,0.0,13.5,84.5,4,26,1,14,1.58,2,0.23,16,27,9,5,7,121,28.6,57.1,248,429,10,2,308,22,0,5,31,50.0
Sepp van den Berg,3,10.279965,3.1265671,10,0.0,0.0,0.07,0.02,1.4849999999999999,68.15,17.9,0.0,31.3,0.19,0.0,10.6,84.7,5,57,3,21,0.82,2,0.08,22,27,9,36,20,159,57.1,42.9,636,1663,9,1,806,27,1,7,87,56.0
Sergio Reguilón,0,9.018923,6.464901,4,0.0,0.0,0.05,0.02,1.4849999999999999,68.15,17.9,0.0,0.0,0.0,0.0,5.4,69.5,1,11,2,1,0.73,0,0.0,3,3,1,0,2,33,50.0,0.0,64,180,2,1,74,10,0,10,9,71.4
Simon Adingra,2,5.5835876,5.1278324,37,0.19,0.09,0.21,0.17,1.4849999999999999,68.15,17.9,0.0,28.0,0.66,0.08,16.2,76.1,13,5,12,39,3.68,7,0.66,14,22,12,0,8,272,43.8,56.3,324,1042,17,20,341,119,2,35,41,66.7
Solly March,2,7.0860896,5.776343,5,0.0,0.0,0.05,0.15,1.4849999999999999,68.15,17.9,0.0,0.0,0.0,0.0,22.5,63.2,3,2,4,7,3.77,2,1.08,3,8,3,0,2,73,25.0,75.0,57,167,2,3,67,20,3,20,7,33.3
Son Heung-min,4,1.4174236,2.6299813,87,0.31,0.4,0.31,0.37,1.4849999999999999,68.15,17.9,0.0,45.3,1.08,0.11,17.0,79.0,50,36,51,116,5.21,15,0.67,9,23,18,0,5,646,35.4,48.8,732,2334,45,40,837,259,11,75,81,35.3
Stefan Ortega,0,9.9438505,7.3530226,0,0.0,0.0,0.0,0.0,1.47,68.0,25.0,0.0,30.0,0.0,0.06,16.4,81.3,0,6,0,0,0.0,0,0.0,0,1,1,0,0,0,45.0,43.8,323,864,0,0,309,0,0,0,8,100.0
Stephy Mavididi,1,4.9774466,3.6086721,91,0.22,0.06,0.1,0.15,1.4849999999999999,68.15,17.9,0.0,26.9,0.39,0.15,16.1,75.0,22,32,26,50,2.78,7,0.39,19,42,28,2,11,421,36.8,49.5,583,2355,40,27,623,138,3,69,83,37.5
Sven Botman,0,9.015284,6.441107,0,0.0,0.0,0.01,0.0,1.4849999999999999,68.15,17.9,0.0,0.0,0.0,0.0,11.7,88.1,0,9,0,0,0.0,0,0.0,4,3,1,1,4,6,33.3,33.3,85,178,1,0,107,0,0,0,8,64.7
Sávio,4,1.260599,2.700251,133,0.05,0.42,0.25,0.35,1.4849999999999999,68.15,17.9,0.0,38.9,1.09,0.02,17.7,80.9,44,19,47,107,5.55,15,0.78,16,18,9,2,6,754,45.9,35.1,766,3494,44,73,834,239,3,81,79,33.3
Séamus Coleman,0,9.688298,6.4815907,1,0.0,0.0,0.26,0.0,1.4849999999999999,68.15,17.9,0.0,100.0,0.46,0.0,10.5,72.2,0,6,0,2,0.91,1,0.46,1,3,1,3,1,19,80.0,20.0,43,109,1,0,51,2,0,3,7,50.0
Taiwo Awoniyi,2,5.744771,7.1118793,6,0.22,0.0,0.47,0.02,1.4849999999999999,68.15,17.9,0.0,40.0,0.88,0.1,12.6,64.2,2,5,2,9,1.98,1,0.22,3,5,1,0,0,73,44.4,55.6,89,183,5,2,112,20,1,2,18,25.5
Tariq Lamptey,2,6.4548836,6.1887717,28,0.22,0.22,0.04,0.09,1.4849999999999999,68.15,17.9,0.0,33.3,0.22,0.33,18.5,81.5,5,11,5,16,1.79,3,0.34,10,22,15,7,6,143,32.1,57.1,272,918,13,3,281,43,0,25,36,7.1
Taylor Harwood-Bellis,3,10.235809,2.5627463,29,0.03,0.0,0.06,0.03,1.4849999999999999,68.15,17.9,0.0,40.0,0.27,0.05,10.6,87.9,14,171,10,37,1.25,2,0.07,19,34,15,38,30,178,100.0,0.0,1361,3731,27,0,1704,9,0,10,120,57.1
Thiago,0,8.8645,6.5556235,3,0.0,0.0,0.06,0.04,1.4849999999999999,68.15,17.9,0.0,0.0,0.0,0.0,14.7,70.5,2,1,1,2,1.27,0,0.0,2,1,1,0,2,27,75.0,25.0,35,42,2,1,39,4,1,1,10,60.0
Thomas Partey,1,5.57069,1.9889426,32,0.14,0.07,0.07,0.07,1.4849999999999999,68.15,17.9,0.0,30.4,0.25,0.17,19.5,87.3,17,151,33,58,2.07,13,0.46,49,72,28,7,33,485,66.7,27.3,1125,3235,37,3,1416,47,1,12,123,54.2
Tim Iroegbunam,0,8.17872,5.787972,8,0.0,0.16,0.04,0.03,1.4849999999999999,68.15,17.9,0.0,0.0,0.0,0.0,22.5,71.9,3,10,1,10,1.59,1,0.16,13,23,9,4,15,60,40.0,40.0,122,360,10,2,110,9,0,1,48,73.3
Timo Werner,2,6.069399,5.5578957,42,0.0,0.52,0.17,0.44,1.4849999999999999,68.15,17.9,0.0,37.5,0.52,0.0,18.2,66.9,10,3,15,18,3.13,3,0.52,4,13,10,1,1,203,52.6,42.1,215,1062,24,18,227,89,5,28,18,0.0
Timothy Castagne,1,6.8246837,2.975036,17,0.0,0.05,0.02,0.07,1.4849999999999999,68.15,17.9,0.0,37.5,0.16,0.0,14.0,81.8,9,51,5,25,1.36,3,0.16,29,45,19,6,22,259,41.7,41.7,547,1044,15,2,665,67,1,37,57,49.3
Toby Collyer,0,8.739975,6.265526,0,0.0,0.0,0.09,0.13,1.4849999999999999,68.15,17.9,0.0,0.0,0.0,0.0,6.2,82.6,2,3,1,5,2.5,0,0.0,9,6,1,1,2,25,50.0,50.0,68,56,0,0,71,2,0,0,17,75.0
Tom Cairney,2,7.3675895,4.971307,14,0.18,0.0,0.04,0.17,1.4849999999999999,68.15,17.9,0.0,40.0,0.36,0.2,23.3,90.4,10,46,7,28,5.08,3,0.54,5,7,3,1,4,196,33.3,33.3,385,884,15,4,468,29,0,17,44,33.3
Tommy Doyle,2,7.375328,5.7664866,6,0.0,0.18,0.1,0.09,1.4849999999999999,68.15,17.9,0.0,22.2,0.37,0.0,24.5,81.9,7,44,3,17,3.13,3,0.55,6,15,9,5,5,80,55.6,11.1,260,578,3,0,303,4,0,15,43,14.3
Tomáš Souček,3,7.539801,3.4384742,6,0.31,0.04,0.23,0.04,1.4849999999999999,68.15,17.9,0.0,26.9,0.54,0.15,12.0,73.7,14,59,8,43,1.66,3,0.12,19,39,17,17,18,280,54.5,45.5,449,470,10,3,696,65,4,13,57,58.3
Tosin Adarabioyo,0,10.333536,5.6606684,5,0.07,0.07,0.07,0.02,1.4849999999999999,68.15,17.9,0.0,16.7,0.15,0.08,12.5,91.4,1,53,1,12,0.88,1,0.07,10,12,4,7,10,26,80.0,0.0,713,1690,2,0,916,1,1,0,34,58.1
Toti Gomes,3,9.925516,3.0733778,21,0.0,0.04,0.03,0.04,1.4849999999999999,68.15,17.9,0.0,28.6,0.08,0.0,11.6,85.1,9,72,5,20,0.77,1,0.04,38,37,7,17,23,95,67.9,25.0,1028,2641,18,0,1202,15,4,13,100,66.7
Trent Alexander-Arnold,1,3.923569,1.9749795,50,0.12,0.24,0.07,0.26,1.4849999999999999,68.15,17.9,0.0,18.6,0.31,0.07,23.3,73.6,50,198,63,94,3.68,10,0.39,49,103,55,9,30,633,45.7,48.6,1139,2780,35,9,1384,90,1,145,129,18.8
Trevoh Chalobah,3,8.18497,4.0103354,11,0.25,0.0,0.1,0.03,1.4849999999999999,68.15,17.9,0.0,36.4,0.34,0.27,15.1,79.0,4,27,2,11,0.93,0,0.0,16,23,11,9,19,51,60.0,20.0,278,661,9,1,317,6,1,7,56,53.7
Trevoh Chalobah,0,9.192636,5.6167555,4,0.0,0.11,0.08,0.13,1.4849999999999999,68.15,17.9,0.0,33.3,0.22,0.0,10.8,89.7,3,40,3,12,1.29,3,0.32,6,7,1,2,9,54,25.0,25.0,395,728,4,1,539,2,0,3,26,67.6
Tyler Adams,1,6.3601594,2.4471803,12,0.0,0.16,0.08,0.05,1.4849999999999999,68.15,17.9,0.0,25.0,0.11,0.0,16.1,83.6,16,57,2,37,1.95,4,0.21,46,66,31,10,32,194,18.8,56.3,554,1183,17,1,630,9,0,3,100,63.0
Tyler Dibling,1,5.2292027,4.000824,68,0.1,0.0,0.13,0.08,1.4849999999999999,68.15,17.9,0.0,32.1,0.46,0.07,19.3,80.7,20,25,20,56,2.89,4,0.21,20,26,10,5,8,360,42.3,36.5,533,2129,49,26,617,93,2,28,75,32.3
Tyler Fredricson,0,10.461706,6.3306093,2,0.0,0.0,0.0,0.0,1.4849999999999999,68.15,17.9,0.0,30.0,0.0,0.06,16.4,90.2,0,8,0,3,1.63,0,0.0,3,2,1,0,1,9,100.0,0.0,86,114,1,0,95,0,0,0,12,58.3
Tyrell Malacia,0,10.393389,6.3488593,3,0.0,0.0,0.0,0.03,1.4849999999999999,68.15,17.9,0.0,30.0,0.0,0.06,16.4,89.1,1,7,1,2,1.8,0,0.0,1,2,1,0,1,15,100.0,0.0,37,118,2,0,43,6,0,1,3,50.0
Tyrick Mitchell,1,4.8122487,2.884531,56,0.0,0.12,0.04,0.18,1.4849999999999999,68.15,17.9,0.0,18.2,0.06,0.0,13.4,72.3,38,46,32,69,2.11,6,0.18,54,42,20,12,14,459,39.4,48.5,766,1590,33,9,850,166,2,100,156,46.2
Tyrique George,2,5.5729113,5.741813,9,0.87,0.87,0.17,0.63,1.4849999999999999,68.15,17.9,0.0,33.3,0.87,0.33,15.0,82.6,5,0,1,6,5.24,1,0.87,0,3,1,0,1,33,75.0,25.0,38,208,1,5,44,18,1,3,3,0.0
Tyrone Mings,0,10.473733,5.827105,6,0.0,0.0,0.07,0.02,1.4849999999999999,68.15,17.9,0.0,11.1,0.09,0.0,11.8,88.6,3,47,5,17,1.45,2,0.17,5,2,0,11,7,43,100.0,0.0,472,1333,12,0,523,0,0,1,33,55.3
Valentino Livramento,1,4.9885817,2.4592276,73,0.0,0.04,0.01,0.08,1.4849999999999999,68.15,17.9,0.0,20.0,0.04,0.0,20.6,85.0,21,98,24,39,1.37,2,0.07,34,56,26,10,21,427,43.8,41.7,935,2984,39,11,1041,98,2,45,173,42.6
Victor Bernth Kristiansen,1,5.256924,2.5389912,39,0.0,0.04,0.01,0.05,1.4849999999999999,68.15,17.9,0.0,0.0,0.0,0.0,17.7,77.6,18,74,23,41,1.55,3,0.11,50,87,40,14,40,319,47.1,47.1,800,1806,25,5,872,75,3,96,97,31.1
Victor Lindelöf,0,9.164003,7.0061064,1,0.0,0.0,0.0,0.01,1.4849999999999999,68.15,17.9,0.0,30.0,0.0,0.06,16.4,93.2,3,7,2,4,0.75,0,0.0,1,3,1,2,7,9,45.0,43.8,148,282,1,0,181,1,0,1,12,43.5
Virgil van Dijk,3,9.778678,2.4580078,18,0.09,0.03,0.06,0.02,1.4849999999999999,68.15,17.9,0.0,29.6,0.23,0.11,13.1,91.6,12,269,6,47,1.34,4,0.11,17,20,9,14,54,159,60.0,40.0,1746,4531,22,3,2153,6,0,1,110,70.7
Vitaliy Mykolenko,1,5.303314,2.7074504,31,0.0,0.03,0.01,0.05,1.4849999999999999,68.15,17.9,0.0,0.0,0.0,0.0,20.5,74.4,20,96,37,38,1.22,3,0.1,33,51,25,9,37,416,40.0,45.0,636,1432,27,1,783,90,3,91,79,56.1
Vitaly Janelt,1,6.632927,2.898963,17,0.04,0.12,0.03,0.09,1.4849999999999999,68.15,17.9,0.0,28.6,0.16,0.07,17.7,82.5,14,78,23,32,1.28,3,0.12,22,36,15,9,27,306,25.0,58.3,652,1278,18,3,814,38,1,30,107,63.3
Vladimír Coufal,0,8.43314,5.35174,15,0.0,0.0,0.02,0.06,1.4849999999999999,68.15,17.9,0.0,25.0,0.1,0.0,16.7,77.6,6,35,12,13,1.34,1,0.1,11,18,11,11,8,118,28.6,28.6,232,633,5,2,318,25,0,21,29,60.0
Wataru Endo,0,10.361926,6.22282,0,0.0,0.0,0.0,0.02,1.4849999999999999,68.15,17.9,0.0,30.0,0.0,0.06,16.4,93.1,2,14,1,6,2.26,0,0.0,8,10,4,1,3,38,100.0,0.0,88,84,0,1,138,5,0,0,12,40.0
Welington,2,7.5409822,5.936443,3,0.0,0.0,0.02,0.01,1.4849999999999999,68.15,17.9,0.0,0.0,0.0,0.0,31.3,77.5,2,5,5,6,2.51,1,0.42,5,12,5,1,3,40,75.0,0.0,47,116,3,1,55,10,0,10,10,0.0
Wes Burns,2,6.494158,6.2110424,38,0.0,0.1,0.05,0.16,1.4849999999999999,68.15,17.9,0.0,14.3,0.1,0.0,18.3,60.5,10,8,8,16,1.55,1,0.1,11,10,6,2,10,160,37.5,58.3,216,696,13,10,220,65,0,46,50,27.6
Wesley Fofana,0,9.497304,5.3402987,19,0.0,0.0,0.03,0.03,1.4849999999999999,68.15,17.9,0.0,0.0,0.0,0.0,10.6,90.2,6,54,1,15,1.15,0,0.0,12,14,8,9,14,55,53.3,20.0,557,1614,12,1,665,4,0,1,54,69.2
Wilfred Ndidi,1,6.326385,2.482828,17,0.0,0.17,0.09,0.08,1.4849999999999999,68.15,17.9,0.0,36.4,0.34,0.0,13.9,80.3,15,62,10,27,1.13,3,0.13,50,54,27,19,26,246,40.6,53.1,628,1029,23,2,772,75,3,30,121,50.0
Will Hughes,1,5.4568753,2.9678802,19,0.0,0.14,0.05,0.13,1.4849999999999999,68.15,17.9,0.0,5.0,0.05,0.0,22.5,75.8,29,69,14,61,2.89,6,0.28,33,59,32,14,19,287,28.6,42.9,478,1132,22,1,606,24,0,68,110,50.0
William Osula,2,5.098256,7.102523,2,0.87,0.0,0.1,0.08,1.4849999999999999,68.15,17.9,0.0,33.3,0.87,0.33,14.5,61.1,1,0,1,2,1.73,0,0.0,0,2,2,0,4,22,50.0,50.0,25,55,1,0,27,12,1,1,2,80.0
William Saliba,3,9.823358,2.5379457,16,0.06,0.0,0.07,0.03,1.4849999999999999,68.15,17.9,0.0,33.3,0.06,0.33,5.4,94.2,7,175,6,26,0.81,1,0.03,36,27,6,15,21,141,63.2,31.6,1675,4013,17,1,2056,6,1,3,146,62.4
William Smallbone,0,7.8325806,5.1581464,5,0.14,0.0,0.06,0.09,1.4849999999999999,68.15,17.9,0.0,16.7,0.14,0.17,19.3,77.6,9,11,3,15,2.09,0,0.0,11,21,14,0,2,131,66.7,33.3,182,391,9,1,243,23,0,34,23,66.7
Willian,0,7.917938,6.859747,9,0.0,0.0,0.1,0.17,1.4849999999999999,68.15,17.9,0.0,0.0,0.0,0.0,22.1,85.8,5,18,10,15,5.6,0,0.0,1,5,4,0,1,122,16.7,50.0,138,460,9,2,168,31,0,13,14,33.3
Willy Boly,0,9.648053,6.454727,0,0.0,0.0,0.04,0.0,1.4849999999999999,68.15,17.9,0.0,100.0,0.6,0.0,10.2,78.6,0,3,0,0,0.0,0,0.0,1,4,0,2,3,2,45.0,43.8,35,45,0,0,46,0,0,0,5,75.0
Wilson Odobert,2,6.088252,6.308822,40,0.14,0.0,0.17,0.13,1.4849999999999999,68.15,17.9,0.0,27.3,0.43,0.09,16.8,77.2,5,8,10,14,2.01,1,0.14,3,11,5,0,3,168,41.4,48.3,221,1028,21,17,229,56,1,21,29,33.3
Wout Faes,3,10.254799,2.873636,12,0.04,0.0,0.05,0.0,1.4849999999999999,68.15,17.9,0.0,9.1,0.04,0.09,10.0,87.7,4,79,6,17,0.6,0,0.0,23,43,20,33,26,67,83.3,16.7,1011,2703,13,2,1154,1,1,5,87,54.7
Woyo Coulibaly,2,7.3517466,7.3734565,4,0.0,0.0,0.04,0.0,1.4849999999999999,68.15,17.9,0.0,50.0,0.83,0.0,19.4,84.2,0,3,0,0,0.0,0,0.0,4,2,0,1,5,20,0.0,100.0,48,169,2,1,36,2,0,0,14,0.0
Yankuba Minteh,4,1.6946224,3.1484778,71,0.34,0.23,0.22,0.27,1.4849999999999999,68.15,17.9,0.0,50.0,0.85,0.2,13.5,62.3,25,13,29,54,3.07,11,0.62,32,45,28,0,11,408,47.6,44.0,410,1768,19,56,423,163,4,76,75,33.3
Yasin Ayari,1,5.509106,3.0336807,30,0.05,0.05,0.11,0.11,1.4849999999999999,68.15,17.9,0.0,28.0,0.36,0.04,19.0,81.2,28,52,17,58,2.97,6,0.31,29,51,30,6,20,320,41.5,36.6,585,1398,25,6,716,59,3,64,107,41.2
Yehor Yarmoliuk,1,6.961952,2.979591,15,0.0,0.0,0.05,0.07,1.4849999999999999,68.15,17.9,0.0,22.2,0.15,0.0,15.9,85.5,9,62,7,22,1.66,2,0.15,24,46,23,7,10,179,47.6,42.9,410,748,17,3,493,44,2,16,92,53.3
Yerson Mosquera,0,8.955354,6.0091004,0,0.0,0.0,0.07,0.02,1.4849999999999999,68.15,17.9,0.0,0.0,0.0,0.0,12.4,85.4,2,16,1,5,1.02,0,0.0,7,14,5,10,10,12,45.0,43.8,168,322,1,0,182,0,1,2,24,64.7
Yoane Wissa,2,3.5901344,6.1808996,51,0.61,0.1,0.56,0.06,1.4849999999999999,68.15,17.9,0.0,46.3,1.26,0.23,13.4,76.1,23,41,9,61,2.07,8,0.27,12,27,16,8,8,387,28.9,51.1,497,1452,23,28,599,135,14,20,67,46.0
Youri Tielemans,1,3.964687,1.8909246,39,0.09,0.21,0.09,0.21,1.4849999999999999,68.15,17.9,0.0,31.6,0.36,0.08,20.3,82.1,59,228,37,119,3.57,12,0.36,57,73,33,16,22,557,51.7,30.0,1275,2541,26,9,1654,48,0,118,145,55.0
Yukinari Sugawara,1,6.2735415,3.9614952,32,0.06,0.06,0.03,0.14,1.4849999999999999,68.15,17.9,0.0,38.5,0.31,0.08,19.2,79.9,17,43,21,39,2.39,1,0.06,16,30,12,7,10,327,45.0,50.0,553,1354,15,7,692,76,4,69,40,35.7
Yves Bissouma,1,6.8374033,3.1796784,15,0.14,0.0,0.04,0.02,1.4849999999999999,68.15,17.9,0.0,36.4,0.28,0.18,23.4,89.2,6,59,10,15,1.04,0,0.0,29,33,15,6,16,151,33.3,66.7,577,1526,17,0,669,3,0,2,78,41.7
Álex Moreno,1,7.0365734,3.8514576,26,0.0,0.09,0.02,0.12,1.4849999999999999,68.15,17.9,0.0,0.0,0.0,0.0,23.7,72.0,8,25,9,16,1.51,2,0.19,18,39,24,5,15,158,38.1,38.1,229,864,16,4,258,34,0,19,50,21.4
İlkay Gündoğan,4,2.8087406,2.8212066,57,0.0,0.22,0.12,0.12,1.4849999999999999,68.15,17.9,0.0,20.0,0.22,0.0,18.3,89.3,37,97,21,74,3.25,11,0.48,13,23,13,0,13,664,45.7,37.1,1035,2813,52,9,1366,86,0,57,105,54.2
Łukasz Fabiański,0,10.474816,6.711675,0,0.0,0.0,0.0,0.0,1.68,74.6,16.7,0.0,30.0,0.0,0.06,16.4,67.0,0,4,0,3,0.25,0,0.0,0,1,1,0,0,0,100.0,0.0,258,845,0,0,227,0,0,0,5,66.7
